-- Generated from src/data/seed.ts — do not edit by hand.

-- Replace previously seeded rows (CMS-created rows are untouched).
delete from public.sessions where id like 'seed-%';

insert into public.days (id, date, label, title, sort) values ('day-1', '2026-07-15', 'Day 1', 'Opening, Keynotes, FutureScape Sessions & Tracks A–C', 1) on conflict (id) do update set date = excluded.date, label = excluded.label, title = excluded.title, sort = excluded.sort;
insert into public.days (id, date, label, title, sort) values ('day-2', '2026-07-16', 'Day 2', 'Keynotes, FutureScape Sessions, CTD Summit & Tracks D–E', 2) on conflict (id) do update set date = excluded.date, label = excluded.label, title = excluded.title, sort = excluded.sort;
insert into public.days (id, date, label, title, sort) values ('day-3', '2026-07-17', 'Day 3', 'UEH Mekong Campus: Delta FutureScape Sessions & Tracks M1–M4', 3) on conflict (id) do update set date = excluded.date, label = excluded.label, title = excluded.title, sort = excluded.sort;
insert into public.days (id, date, label, title, sort) values ('day-4', '2026-07-18', 'Day 4', 'Can Tho Smart City Session & Mekong Delta Technical Tour', 4) on conflict (id) do update set date = excluded.date, label = excluded.label, title = excluded.title, sort = excluded.sort;
insert into public.days (id, date, label, title, sort) values ('day-5', '2026-07-19', 'Day 5', 'UEH Nexus Nha Trang: Blue FutureScape Sessions & Tracks NX1–NX3', 5) on conflict (id) do update set date = excluded.date, label = excluded.label, title = excluded.title, sort = excluded.sort;
insert into public.days (id, date, label, title, sort) values ('day-6', '2026-07-20', 'Day 6', 'Technical Nha Trang Tour & Return to Ho Chi Minh City', 6) on conflict (id) do update set date = excluded.date, label = excluded.label, title = excluded.title, sort = excluded.sort;

insert into public.sessions (id, day_id, type, code, title, speaker, chair, panelists, room, start_time, end_time, description, paper_count, papers, sort) values ('seed-101', 'day-1', 'break', null, 'Greetings and Registration', null, null, null, 'Lobby B1', '07:30', '08:00', null, null, null, 101) on conflict (id) do nothing;
insert into public.sessions (id, day_id, type, code, title, speaker, chair, panelists, room, start_time, end_time, description, paper_count, papers, sort) values ('seed-102', 'day-1', 'showcase', null, 'FutureScape Showcase — Partner Exhibition Booths', null, null, null, 'Lobby B1', '07:30', '16:30', 'Exhibition booths and innovation showcases by HPT, UOB, WATA Software, Leonix Vietnam, Cloudmap, Wuxi University, UEH Sustainability, Hologram Walk, and Art Exhibition.', null, null, 102) on conflict (id) do nothing;
insert into public.sessions (id, day_id, type, code, title, speaker, chair, panelists, room, start_time, end_time, description, paper_count, papers, sort) values ('seed-103', 'day-1', 'showcase', null, 'Living Symbiosis: ArtTech Experience', null, null, null, 'B2.110', '07:30', '16:30', 'An immersive ArtTech experience featuring AR, VR, animation, 3D mapping, Hologram Walk, and an oil painting showcase — Creative Space & Immersive Room.', null, null, 103) on conflict (id) do nothing;
insert into public.sessions (id, day_id, type, code, title, speaker, chair, panelists, room, start_time, end_time, description, paper_count, papers, sort) values ('seed-104', 'day-1', 'ceremony', null, 'Welcome address & Opening Ceremony', null, null, null, 'Hall B1.302', '08:00', '08:45', null, null, null, 104) on conflict (id) do nothing;
insert into public.sessions (id, day_id, type, code, title, speaker, chair, panelists, room, start_time, end_time, description, paper_count, papers, sort) values ('seed-105', 'day-1', 'break', null, 'Short Break', null, null, null, 'Hall B1.302', '08:45', '09:00', 'For invited guests and paid registered participants only.', null, null, 105) on conflict (id) do nothing;
insert into public.sessions (id, day_id, type, code, title, speaker, chair, panelists, room, start_time, end_time, description, paper_count, papers, sort) values ('seed-106', 'day-1', 'keynote', 'K1', 'Unlocking Business Potential Through University Living Labs', 'Prof. Utz Dornberger — Faculty of Economics & Management Science, Leipzig University', null, null, 'Hall B1.302', '09:00', '09:45', null, null, null, 106) on conflict (id) do nothing;
insert into public.sessions (id, day_id, type, code, title, speaker, chair, panelists, room, start_time, end_time, description, paper_count, papers, sort) values ('seed-107', 'day-1', 'keynote', 'K2', 'The FutureScape of Smart City: Unlocking the Prospects and Trends for Developing Cities', 'Assoc. Prof. Tu Anh Trinh — Director, Institute of Smart City and Management, CTD-UEH', null, null, 'Hall B1.302', '09:45', '10:30', null, null, null, 107) on conflict (id) do nothing;
insert into public.sessions (id, day_id, type, code, title, speaker, chair, panelists, room, start_time, end_time, description, paper_count, papers, sort) values ('seed-108', 'day-1', 'keynote', 'K3', 'AI-Powered Marine Robots for Smart Coastal Cities: From Underwater Sensing to Global Resilience', 'Prof. Bor-Jiunn Wen — Department Chair, Department of Mechanical and Mechatronic Engineering, National Taiwan Ocean University', null, null, 'Hall B1.302', '10:30', '11:15', null, null, null, 108) on conflict (id) do nothing;
insert into public.sessions (id, day_id, type, code, title, speaker, chair, panelists, room, start_time, end_time, description, paper_count, papers, sort) values ('seed-109', 'day-1', 'break', null, 'Lunch', null, null, null, 'Hall B1.12A', '11:15', '12:15', 'For invited guests and paid registered participants only.', null, null, 109) on conflict (id) do nothing;
insert into public.sessions (id, day_id, type, code, title, speaker, chair, panelists, room, start_time, end_time, description, paper_count, papers, sort) values ('seed-110', 'day-1', 'special', null, 'FutureScape Netzero Transition: Interdisciplinary Development', null, 'Dr. Vo Dao Chi — Institute of Smart City and Management, CTD-UEH', 'Prof. Dr. Frank Fichert; Prof. Dr. Jeongseob Kim; Dr. Cung Trong Cuong; Assoc. Prof. Nguyen Hong Quan', 'Hall B1.302', '13:00', '14:30', null, null, null, 110) on conflict (id) do nothing;
insert into public.sessions (id, day_id, type, code, title, speaker, chair, panelists, room, start_time, end_time, description, paper_count, papers, sort) values ('seed-111', 'day-1', 'special', null, 'FutureScape Cities: Designing the Next Urban Generation', null, 'Assoc. Prof. Tu Anh Trinh — Director, Institute of Smart City and Management, CTD-UEH', 'Mr. Tran Anh Dung; Assoc. Prof. Ducksu Seo; Prof. Pawinee Iamtrakul; Mr. Clinton Moore', 'B1.205', '13:00', '14:30', null, null, null, 111) on conflict (id) do nothing;
insert into public.sessions (id, day_id, type, code, title, speaker, chair, panelists, room, start_time, end_time, description, paper_count, papers, sort) values ('seed-112', 'day-1', 'special', null, 'FutureScape Business: Intelligent Industry, Sustainable Mobility — Emerging Technologies Reshaping the Business Landscape', null, 'Dr. Nguyen Quoc Khanh — Institute of Innovation, CTD-UEH', 'Dr. Ho Quang Truong; Dr. Ho Diep', 'B1.204', '13:00', '14:00', null, null, null, 112) on conflict (id) do nothing;
insert into public.sessions (id, day_id, type, code, title, speaker, chair, panelists, room, start_time, end_time, description, paper_count, papers, sort) values ('seed-113', 'day-1', 'special', null, 'FutureScape Creative Technology: Art, Media and Immersive Experiences', null, 'Dr. Do Le Phuc Tam — Institute of Smart City and Management, CTD-UEH', 'Prof. LeeHwan Hwang; Dr. Filipa Martins', 'B1.203', '13:00', '14:30', null, null, null, 113) on conflict (id) do nothing;
insert into public.sessions (id, day_id, type, code, title, speaker, chair, panelists, room, start_time, end_time, description, paper_count, papers, sort) values ('seed-114', 'day-1', 'break', null, 'Short Break', null, null, null, null, '14:30', '14:45', 'For invited guests and paid registered participants only.', null, null, 114) on conflict (id) do nothing;
insert into public.sessions (id, day_id, type, code, title, speaker, chair, panelists, room, start_time, end_time, description, paper_count, papers, sort) values ('seed-115', 'day-1', 'special', null, 'FutureScape Glocal Design: Research by Design for Vietnam context', null, 'Prof. Elena Marchigiani — University of Trieste', 'Dr. Harvey Neo; Dr. Adrian Lo; Mr. Steven Petit; Mr. Jaillais Neliaz Martin Francois', 'Hall B1.302', '14:45', '16:30', null, null, null, 115) on conflict (id) do nothing;
insert into public.sessions (id, day_id, type, code, title, speaker, chair, panelists, room, start_time, end_time, description, paper_count, papers, sort) values ('seed-116', 'day-1', 'special', null, 'FutureScape Co-Creation: Living Labs and Collaborative Innovation', null, 'Dr. Pham Nguyen Hoai — Institute of Smart City and Management, CTD-UEH', 'Prof. Dr. Utz Dornberger; Dr. Nguyen Anh Tuan; Prof. Dr. Erik Wende', 'B1.204', '14:45', '16:00', null, null, null, 116) on conflict (id) do nothing;
insert into public.sessions (id, day_id, type, code, title, speaker, chair, panelists, room, start_time, end_time, description, paper_count, papers, sort) values ('seed-117', 'day-1', 'special', null, 'FutureScape Frontier Intelligence: AI, Robotics and Digital Twins', null, 'Prof. Truong Thinh Nguyen — Vice-Rector, CTD-UEH', 'Dr. Thien Bao Nguyen; Prof. Bor-Jiunn Wen; Prof. Fan-Bean Wu; Prof. Kim Yong-Guk', 'B1.205', '14:45', '16:30', null, null, null, 117) on conflict (id) do nothing;
insert into public.sessions (id, day_id, type, code, title, speaker, chair, panelists, room, start_time, end_time, description, paper_count, papers, sort) values ('seed-118', 'day-1', 'parallel', 'A1', 'Business Innovation and Sustainability', null, 'Assoc. Prof. Le Thi Phuong Vy', null, 'B1.407 (40)', '13:00', '14:00', null, 3, '[{"code":"ID 7","time":"13:00–13:15","title":"How Does Corporate Digital Transformation Disclosure Affect Financial Reporting Quality and Investment Efficiency?","authors":"Phan Thi Bich Nguyet, Pham Hoang Thong"},{"code":"ID 58","time":"13:15–13:30","title":"Rule of Law as a Catalyst: Fintech Funding and Carbon Emissions Across Advanced Economies and EMDEs","authors":"Khoi Anh Nguyen, Man Gia Huynh, Nhi Hoang Nguyen, Phu Duc Nguyen, Anh Ngoc Quang Huynh"},{"code":"ID 137","time":"13:30–13:45","title":"The Impact of Enterprise Resource Planning Systems on Resilience in Vietnamese Logistics Enterprises: Emerging Themes from a Systematic Review","authors":"Pham Xuan Quang, Vo Van Nhi"}]'::jsonb, 118) on conflict (id) do nothing;
insert into public.sessions (id, day_id, type, code, title, speaker, chair, panelists, room, start_time, end_time, description, paper_count, papers, sort) values ('seed-119', 'day-1', 'parallel', 'A2', 'Co-creation, Innovation Ecosystems and Entrepreneurship', null, 'Dr. Nguyen Thanh Huy', null, 'B1.408 (40)', '13:00', '14:00', null, 4, '[{"code":"ID 56","time":"13:00–13:15","title":"A Hybrid Customer Segmentation and Repurchase Prediction Framework Using RFMT Features and Machine Learning","authors":"Phuong-Vi Tran Nguyen, Ngoc-Giao Nguyen, Hong-Ngoc Nguyen Thi"},{"code":"ID 171","time":"13:15–13:30","title":"Digital Leadership and Competitive Advantage in the AI Era: A Conceptual Framework","authors":"Nghia Trong Ha, Erik Wende"},{"code":"ID 176","time":"13:30–13:45","title":"How Firm Innovativeness Signals Drive Customer Value Co-creation: A Stimulus-Organism-Response Perspective with the Moderating Role of Customer Innovativeness","authors":"Nguyen Thanh Tam, Vu Thi Minh Giang"},{"code":"ID 126","time":"13:45–14:00","title":"A 5-Dimensional AI Readiness Blueprint for Organizational Resilience in Vietnamese SMEs","authors":"Thi Thao Phuong Nguyen, Alireza Ansari Vaghef, Utz Dornberger"}]'::jsonb, 119) on conflict (id) do nothing;
insert into public.sessions (id, day_id, type, code, title, speaker, chair, panelists, room, start_time, end_time, description, paper_count, papers, sort) values ('seed-120', 'day-1', 'parallel', 'A3', 'Art, Media, and Technology', null, 'Assoc. Prof. Trinh Thuy Anh', null, 'B1.409 (50)', '13:00', '14:00', null, 4, '[{"code":"ID 125","time":"13:00–13:15","title":"Experiencing AI Art: How Originality Shapes Spatial Presence and Audience Advocacy","authors":"Trinh Thuy Anh, Duong Thi Thuy Trang, Nguyen Thi Thanh Huyen, Phan Nhat Trung, Vladimir Jolidon, Doan Thi Thao Ngan"},{"code":"ID 129","time":"13:15–13:30","title":"Optimizing Aspect-Based Sentiment Analysis for UEH Branding Monitoring on Social Media","authors":"Truong Hoang Dung, Le Thanh Hao, Nguyen Manh Tuan"},{"code":"ID 186","time":"13:30–13:45","title":"The Effects of Over-Personalization and Perceived Surveillance on Algorithm Fatigue: An Empirical Investigation Among TikTok Shop Users in Vietnam","authors":"Le Thi Thao Nguyen, Nguyen Thi Thanh Hien"},{"code":"ID 95","time":"13:45–14:00","title":"Encouraging Youth''s Low-Carbon Behaviors Through Digital Gamification: A Case Study of the MoMo Platform","authors":"Phan Nhat Trung, Tien Dat Huynh, Trung Nhan Dao, Vo Thi Hong Anh, Tran Thi Truc Quynh, Phan Thi Kim Hue"}]'::jsonb, 120) on conflict (id) do nothing;
insert into public.sessions (id, day_id, type, code, title, speaker, chair, panelists, room, start_time, end_time, description, paper_count, papers, sort) values ('seed-121', 'day-1', 'parallel', 'A4', 'Data Analytics', null, 'Prof. Nguyen Truong Thinh', null, 'B1.507 (40)', '13:00', '14:00', null, 4, '[{"code":"ID 128","time":"13:00–13:15","title":"Integrating Topic Modeling and the Kano Model for Aspect-Based Sentiment Analysis of Vietnamese Vegan Cosmetic Reviews","authors":"Tuan-Kiet Van"},{"code":"ID 94","time":"13:15–13:30","title":"Future Scape for Resilient Vietnamese Social Media: A Deep-Learning-Based Decision Support System for Pre-Publication Content Performance Prediction and Optimization","authors":"Hoang Nhat Hoa Vo, Xuan Huy Bui"},{"code":"ID 100","time":"13:30–13:45","title":"ESIM: A Discrete-Event Simulation Framework for Emergency Department Optimisation","authors":"Cao Nguyen"},{"code":"ID 228","time":"13:45–14:00","title":"Analyzing Ho Chi Minh City Hotel Reviews Using Zero-Shot Aspect-Based Sentiment Analysis","authors":"Van Toan Nguyen, Thanh Hieu Bui"}]'::jsonb, 121) on conflict (id) do nothing;
insert into public.sessions (id, day_id, type, code, title, speaker, chair, panelists, room, start_time, end_time, description, paper_count, papers, sort) values ('seed-122', 'day-1', 'parallel', 'B1', 'Blockchain and Fintech', null, 'Assoc. Prof. Ngo Minh Vu', null, 'B1.307 (15)', '14:15', '15:15', null, 3, '[{"code":"ID 203","time":"14:15–14:30","title":"Blockchain-Based Smart Contract Architecture for Food Waste Circular Management and Supply Chain Transparency","authors":"Quang Nhat Vo Nguyen, Phuoc Sang Do, Quoc Viet Ha"},{"code":"ID 33","time":"14:30–14:45","title":"The Evolution of Tokenized Real-World Assets","authors":"Khanh Quoc Nguyen, Talis Putnins"},{"code":"ID 184","time":"14:45–15:00","title":"Open Banking and the Fintech-Bank Nexus: Evidence from PSD2","authors":"Man Gia Huynh, Phu Duc Nguyen, Anh Ngoc Quang Huynh"}]'::jsonb, 122) on conflict (id) do nothing;
insert into public.sessions (id, day_id, type, code, title, speaker, chair, panelists, room, start_time, end_time, description, paper_count, papers, sort) values ('seed-123', 'day-1', 'parallel', 'B2', 'Co-creation and Innovation Ecosystems', null, 'Assoc. Prof. Do Thi Hai Ninh', null, 'B1.308 (15)', '14:15', '15:15', null, 4, '[{"code":"ID 93","time":"14:15–14:30","title":"The Impact of Green Consumer Knowledge on Green Purchasing Behaviour Among Gen Z Consumers: The Mediating Roles of Consumer Social Responsibility and Environmental Concern","authors":"Nguyen Khanh Linh Le, Nguyen Ngoc Linh Huynh, Nguyen Phuong Minh Le, Ngoc Khanh Linh Nguyen"},{"code":"ID 34","time":"14:30–14:45","title":"Structural Rule Integrity and Translation-Based Governance: Designing Resilience in Digitally Fragmented SMEs","authors":"Nguyen My Linh, Nguyen Truong Thinh"},{"code":"ID 165","time":"14:45–15:00","title":"\"Sometimes ChatGPT Understands Me Better\": A Qualitative Exploration of Vietnamese Adolescents'' Emotional Support Experiences with ChatGPT","authors":"Tuong Quyen Vu, My Phuc Bui, Du Cat Han Nguyen"},{"code":"ID 17","time":"15:00–15:15","title":"Managing Community Service Activities Based on the TQM Approach to Enhance Adaptive Capacity: From Educational Management Theory to Social Innovation Practices at Pham Van Dong University","authors":"Quan Vo Duy"}]'::jsonb, 123) on conflict (id) do nothing;
insert into public.sessions (id, day_id, type, code, title, speaker, chair, panelists, room, start_time, end_time, description, paper_count, papers, sort) values ('seed-124', 'day-1', 'parallel', 'B3', 'Smart and Sustainable City — Nature Systems', null, 'Mr. Han-Yi Hsiao', null, 'B1.403 (80)', '14:15', '15:15', null, 4, '[{"code":"ID 164","time":"14:15–14:30","title":"AR-Enabled Living Lab for Digital Heritage in Central Ho Chi Minh City, Vietnam","authors":"Hao Vo Giai, Khoa Vu Duy, Quynh Nhat Thi Nguyen, Tam Le Phuc Do"},{"code":"ID 40","time":"14:30–14:45","title":"Data-Driven Urban Governance and Climate Adaptation in Delta Cities: Rethinking \"The Politics of Data\" Through the Case of Can Tho City","authors":"Mai Trong An Vinh, Le Duy Bay"},{"code":"ID 122","time":"14:45–15:00","title":"Design and Performance Analysis of Antenna Substrates to Mechanical Impact for Underwater Applications","authors":"Han-Yi Hsiao, Bor-Jiunn Wen"},{"code":"ID 152","time":"15:00–15:15","title":"From Liveable to Loveable: Brand Love Theory for Resilient Urban Design","authors":"The Hien Dang, Dao Chi Vo, Tu Anh Trinh"}]'::jsonb, 124) on conflict (id) do nothing;
insert into public.sessions (id, day_id, type, code, title, speaker, chair, panelists, room, start_time, end_time, description, paper_count, papers, sort) values ('seed-125', 'day-1', 'parallel', 'B4', 'Data Analytics', null, 'Dr. Nguyen Ba Son', null, 'B1.309 (15)', '14:15', '15:15', null, 3, '[{"code":"ID 227","time":"14:15–14:30","title":"A Hybrid ALS-LightGBM Framework for Personalized Retail Coupon Recommendation","authors":"Thanh Nga Vu, Thanh Hieu Bui"},{"code":"ID 221","time":"14:30–14:45","title":"A Comparative Study of XGBoost and LSTM Neural Networks for Early Academic Risk Prediction Using Weekly Behavioral Data","authors":"Quoc Hung Nguyen, Thi Van Duyen Phan, Hoang Minh Nguyen, Duc Phat Mai"},{"code":"ID 90","time":"14:45–15:00","title":"SHAP-Based Explainability for Deep Learning Models in Credit Risk Classification","authors":"Kiet Tran The, Khoa Nguyen Nhat, Anh Nguyen Thuy Minh, Duc Tran Nguyen Minh, Xuan Bui Vu Truc, Hien Phan"}]'::jsonb, 125) on conflict (id) do nothing;
insert into public.sessions (id, day_id, type, code, title, speaker, chair, panelists, room, start_time, end_time, description, paper_count, papers, sort) values ('seed-126', 'day-1', 'parallel', 'C1', 'Climate Risk and Business Sustainability', null, 'Dr. Nguyen Le Ngan Trang', null, 'B1.407 (40)', '15:30', '16:30', null, 3, '[{"code":"ID 200","time":"15:30–15:45","title":"Air Pollution and the Internal Cash Flow Allocation: Evidence from Listed Company in Viet Nam","authors":"Tran Dinh Hoang, To Cong Nguyen Bao, Luong Bao Thanh Khoa, Nguyen Minh Tri"},{"code":"ID 16","time":"15:45–16:00","title":"Application of IoT and Promoting Sustainable Standards in High-Tech Agriculture: A Case Study at Tan Tien General Comprehensive Agricultural Service Cooperative, Vietnam","authors":"Nhat Tan Pham"},{"code":"ID 222","time":"16:00–16:15","title":"Climate Change Risk and Corporate Dividend Policy - Empirical Evidence from the US","authors":"Nguyen Thi Hong Nham, Nguyen Hong Nhung"}]'::jsonb, 126) on conflict (id) do nothing;
insert into public.sessions (id, day_id, type, code, title, speaker, chair, panelists, room, start_time, end_time, description, paper_count, papers, sort) values ('seed-127', 'day-1', 'parallel', 'C2', 'Innovation Ecosystems and Entrepreneurship', null, 'Dr. Christopher Han', null, 'B1.408 (40)', '15:30', '16:30', null, 3, '[{"code":"ID 150","time":"15:30–15:45","title":"From Forecast Skill to Resilient Futures: An Integrative Framework for AI-Enabled Climate Prediction, Disaster Resilience, and Nature Modeling","authors":"Lam Bao Anh"},{"code":"ID 43","time":"15:45–16:00","title":"Is Buy Now Pay Later via E-Wallet Becoming the Next Payment Trend? Exploring Factors Affect Customer Intention in Ho Chi Minh City","authors":"Hoang Cuu Long, Pham Vo Hong Dung, Dang Thi Tuyet Ngan, Nguyen Viet Anh, Bui Ngoc Boi, Nguyen Manh Gia Bao, Ha Quang Bien"},{"code":"ID 153","time":"16:00–16:15","title":"Factors Associated with Total Factor Productivity (TFP) of Agri-Startup Enterprises in the Central Highlands","authors":"Ho Kim Huong"}]'::jsonb, 127) on conflict (id) do nothing;
insert into public.sessions (id, day_id, type, code, title, speaker, chair, panelists, room, start_time, end_time, description, paper_count, papers, sort) values ('seed-128', 'day-1', 'parallel', 'C3', 'Art, Media, and Technology in Sustainable Futures', null, 'Assoc. Prof. Trinh Thuy Anh', null, 'B1.409 (50)', '15:30', '16:30', null, 4, '[{"code":"ID 105","time":"15:30–15:45","title":"The Influence of the Coffee Package Integrated with AR on Brand Coolness","authors":"Nguyen Le Son Trang, Pham Cong Thai, Pham Thi Thao Quyen, Nguyen Minh Tri"},{"code":"ID 104","time":"15:45–16:00","title":"A Study on the Current State of the Metaverse Industry in Vietnam","authors":"Kang Hyo-Jin, Yi Dong-Su, Nguyen Le Son Trang"},{"code":"ID 109","time":"16:00–16:15","title":"Art Tech and Sustainability in Vietnam: Navigating the Future Through Technical Images, Imagination, and Environmental Responsibility","authors":"Yi Dong-Su, Phan Nhat Trung, Tran Nguyen Anh Dao"},{"code":"ID 140","time":"16:15–16:30","title":"How Design Students Think with AI: Cognitive Levels Shaped by Input, Approach, and Task Design","authors":"Duong Gia Bao, Nguyen Thi Minh Hue"}]'::jsonb, 128) on conflict (id) do nothing;
insert into public.sessions (id, day_id, type, code, title, speaker, chair, panelists, room, start_time, end_time, description, paper_count, papers, sort) values ('seed-129', 'day-1', 'parallel', 'C4', 'Data, Robotics, and Intelligence', null, 'Dr. Tri Dung Dang', null, 'B1.507 (40)', '15:30', '16:30', null, 3, '[{"code":"ID 84","time":"15:30–15:45","title":"Recipient-Guided Visual Localization for Medical UAV Delivery Under GNSS Bias","authors":"Trinh Duc Cuong, Nguyen Khac Toan"},{"code":"ID 147","time":"15:45–16:00","title":"Thread Recognition of Die-Cast Metal Connectors for Electric Vehicles Using an AI Algorithm","authors":"Nan-Hsing Chen, Bor-Jiunn Wen"},{"code":"ID 38","time":"16:00–16:15","title":"A Robotic Framework for Investigating Motion and Storage Processes in Grid Warehousing Systems","authors":"Duy Hoang Phuc Bui, Tri Dung Dang, Tri Cuong Do"}]'::jsonb, 129) on conflict (id) do nothing;
insert into public.sessions (id, day_id, type, code, title, speaker, chair, panelists, room, start_time, end_time, description, paper_count, papers, sort) values ('seed-130', 'day-1', 'showcase', null, 'Living Symbiosis: Guided Tour — Session 1', null, null, null, 'B2.110', '16:30', '16:50', 'Guided exhibition tour. Registration is first-come, first-served (limited to 20 participants per session).', null, null, 130) on conflict (id) do nothing;
insert into public.sessions (id, day_id, type, code, title, speaker, chair, panelists, room, start_time, end_time, description, paper_count, papers, sort) values ('seed-131', 'day-1', 'showcase', null, 'Living Symbiosis: Guided Tour — Session 2', null, null, null, 'B2.110', '17:00', '17:20', 'Guided exhibition tour. Registration is first-come, first-served (limited to 20 participants per session).', null, null, 131) on conflict (id) do nothing;
insert into public.sessions (id, day_id, type, code, title, speaker, chair, panelists, room, start_time, end_time, description, paper_count, papers, sort) values ('seed-132', 'day-1', 'showcase', null, 'Living Symbiosis: Guided Tour — Session 3', null, null, null, 'B2.110', '17:20', '17:50', 'Guided exhibition tour. Registration is first-come, first-served (limited to 20 participants per session).', null, null, 132) on conflict (id) do nothing;
insert into public.sessions (id, day_id, type, code, title, speaker, chair, panelists, room, start_time, end_time, description, paper_count, papers, sort) values ('seed-133', 'day-1', 'break', null, 'Welcome Dinner', null, null, null, 'Hall B1.12A', '18:00', '20:00', 'For invited guests and paid registered participants only.', null, null, 133) on conflict (id) do nothing;
insert into public.sessions (id, day_id, type, code, title, speaker, chair, panelists, room, start_time, end_time, description, paper_count, papers, sort) values ('seed-201', 'day-2', 'break', null, 'Registration and guest welcoming', null, null, null, 'Lobby B1', '07:30', '08:00', null, null, null, 201) on conflict (id) do nothing;
insert into public.sessions (id, day_id, type, code, title, speaker, chair, panelists, room, start_time, end_time, description, paper_count, papers, sort) values ('seed-202', 'day-2', 'showcase', null, 'FutureScape Showcase — Partner Exhibition Booths', null, null, null, 'Lobby B1', '07:30', '16:30', 'Exhibition booths and innovation showcases by HPT, UOB, WATA Software, Leonix Vietnam, Cloudmap, Wuxi University, UEH Sustainability, Hologram Walk, and Art Exhibition.', null, null, 202) on conflict (id) do nothing;
insert into public.sessions (id, day_id, type, code, title, speaker, chair, panelists, room, start_time, end_time, description, paper_count, papers, sort) values ('seed-203', 'day-2', 'showcase', null, 'Living Symbiosis: ArtTech Experience', null, null, null, 'B2.110', '07:30', '16:30', 'An immersive ArtTech experience featuring AR, VR, animation, 3D mapping, Hologram Walk, and an oil painting showcase.', null, null, 203) on conflict (id) do nothing;
insert into public.sessions (id, day_id, type, code, title, speaker, chair, panelists, room, start_time, end_time, description, paper_count, papers, sort) values ('seed-204', 'day-2', 'keynote', 'K4', 'Art, Media, and Technology in Sustainable Future', 'Prof. Haipeng Mi — Department of Information Art and Design, Tsinghua University', null, null, 'Hall B1.302', '08:00', '08:45', null, null, null, 204) on conflict (id) do nothing;
insert into public.sessions (id, day_id, type, code, title, speaker, chair, panelists, room, start_time, end_time, description, paper_count, papers, sort) values ('seed-205', 'day-2', 'keynote', 'K5', 'Culture as a Catalyst for Sustainable Development: Indonesia''s Experience in Advancing Creativity, Innovation, and Digital Transformation', 'Ms. Carolina Tinangon — Consul General, Consulate General of the Republic of Indonesia', null, null, 'Hall B1.302', '08:45', '09:30', null, null, null, 205) on conflict (id) do nothing;
insert into public.sessions (id, day_id, type, code, title, speaker, chair, panelists, room, start_time, end_time, description, paper_count, papers, sort) values ('seed-206', 'day-2', 'break', null, 'Short Break', null, null, null, null, '09:30', '09:45', 'For invited guests only.', null, null, 206) on conflict (id) do nothing;
insert into public.sessions (id, day_id, type, code, title, speaker, chair, panelists, room, start_time, end_time, description, paper_count, papers, sort) values ('seed-207', 'day-2', 'special', null, 'Creative Industries and Culture-Led Innovation: Empowering the Next Generation', null, 'Prof. Thuy Anh Trinh — Rector, CTD-UEH', 'Dr. Nurul Hanim Romainoor; Mr. Phillip Friesen; Mr. Le Gia Phong; Ms. Nguyen Tran Cam Linh', 'Hall B1.302', '09:45', '11:15', null, null, null, 207) on conflict (id) do nothing;
insert into public.sessions (id, day_id, type, code, title, speaker, chair, panelists, room, start_time, end_time, description, paper_count, papers, sort) values ('seed-208', 'day-2', 'special', null, 'FutureScape Mobility: Sustainable Transportation and the Role of DRT in Smart Mobility Ecosystems', null, 'Dr. Quang Tran Vuong — Institute of Smart City and Management, CTD-UEH', 'Dr. Junggon Sung; Dr. Youngjin Yuk; Mr. Hoyoon Lee; Dr. Pham Nguyen Hoai; Ms. Emma Thao Nguyen; Ms. Bui Thu Hien', 'B1.204', '09:45', '11:15', null, null, null, 208) on conflict (id) do nothing;
insert into public.sessions (id, day_id, type, code, title, speaker, chair, panelists, room, start_time, end_time, description, paper_count, papers, sort) values ('seed-209', 'day-2', 'special', null, 'FutureScape Smart Township: A New Urban Development for a Sustainable Community', null, 'Dr. Tran Khac Minh — Institute of Smart City and Management, CTD-UEH', 'Mr. Hyo-jun Kim; Mr. Cho Kwanphil; Dr. Christopher Han', 'B1.203', '09:45', '11:00', null, null, null, 209) on conflict (id) do nothing;
insert into public.sessions (id, day_id, type, code, title, speaker, chair, panelists, room, start_time, end_time, description, paper_count, papers, sort) values ('seed-210', 'day-2', 'special', null, 'Future Scape Artificial Intelligence: AI & Intelligent Systems in Business', null, 'Dr. Nguyen Van Du — School of Business Information Technology, CTD-UEH', 'Dr. Nguyen Giao Hoa; Dr. Vi Chi Thanh; Dr. Nguyen Sieu Dang; Dr. Nguyen Thanh Huy', 'B1.205', '09:45', '11:15', null, null, null, 210) on conflict (id) do nothing;
insert into public.sessions (id, day_id, type, code, title, speaker, chair, panelists, room, start_time, end_time, description, paper_count, papers, sort) values ('seed-211', 'day-2', 'parallel', 'D1', 'Business Innovation and Sustainability', null, 'Prof. Utz Dornberger', null, 'B1.407 (40)', '09:45', '10:45', null, 4, '[{"code":"ID 131","time":"09:45–10:00","title":"Early-Stage Software Patent Valuation Method: Extending the Income Approach Within IVS Compliance Constraints","authors":"Trinh Ngoc Luong Nguyen, Nguyen Ba Son"},{"code":"ID 8","time":"10:00–10:15","title":"Rethinking Product Innovation Implications for Supply Chain Risk","authors":"Tra Thi Thanh Tran, Khanh Hoang, Muhammad Umar"},{"code":"ID 207","time":"10:15–10:30","title":"The Impact of Green Logistics on Vietnam''s Textile and Garment Exports to EU Countries: The Moderating Role of Digital Trade Openness — A Gravity Model Approach","authors":"Luong Bao Thanh Khoa, Tran Xu Kin"},{"code":"ID 25","time":"10:30–10:45","title":"The Impact of AI Features on Customer Satisfaction in E-Commerce: An Integrated UTAUT Model Approach","authors":"Nguyen Hoang Phuc Nguyen, Diep Quoc Bao, Truong Nu To Giang"}]'::jsonb, 211) on conflict (id) do nothing;
insert into public.sessions (id, day_id, type, code, title, speaker, chair, panelists, room, start_time, end_time, description, paper_count, papers, sort) values ('seed-212', 'day-2', 'parallel', 'D2', 'Co-creation, Innovation Ecosystems and Entrepreneurship', null, 'Dr. Bui Thanh Hieu', null, 'B1.408 (40)', '09:45', '10:45', null, 4, '[{"code":"ID 112","time":"09:45–10:00","title":"Multi-Channel Budget Allocation Using Marketing Mix Modeling: A Case Study of a Private Education in Vietnam","authors":"Bich Ngan Tran, Thanh Hieu Bui"},{"code":"ID 117","time":"10:00–10:15","title":"Analyzing the Structure of the Amazon Co-Purchasing Complex Network: From Network Properties to Product Diffusion Strategies","authors":"Truong Hoang Dung, Le Ha An, Bui Cao Yen Diem, Tran Khanh Linh, Nguyen Thanh Huy"},{"code":"ID 206","time":"10:15–10:30","title":"How Existential Authenticity Shapes WOM Behavior: Evidence from Cultural Performance Experiences","authors":"Trinh Thuy Anh, Tran Cam Linh Nguyen, Trang Thi-Thuy Duong, Huyen Nguyen Thi Thanh, Truc Vu Thanh, Trung Phan Nhat"},{"code":"ID 175","time":"10:30–10:45","title":"Examining the Role of Gamification, Social Interaction, and Perceived Enjoyment in Shaping Online Shopping Behavior Among Vietnamese Customers","authors":"Thi Thuy Trang Duong, Ha Quynh Nhi Le, Anh Dao Tran Nguyen, Nguyen Tuan Lam, Lan Anh Dinh Ho, Thi Tuyet Nhung Dao, Thi Huong Tra Pham"}]'::jsonb, 212) on conflict (id) do nothing;
insert into public.sessions (id, day_id, type, code, title, speaker, chair, panelists, room, start_time, end_time, description, paper_count, papers, sort) values ('seed-213', 'day-2', 'parallel', 'D3', 'Media and Technology', null, 'Dr. Nhieu Nhat Luong', null, 'B1.409 (50)', '09:45', '10:45', null, 4, '[{"code":"ID 132","time":"09:45–10:00","title":"Exploring Hashtag Trends in TikTok English Book Video: A Case Study in Vietnam","authors":"Do Thi Phuong Uyen, Pham Thi Thu Trang, Nguyen Thi Nhu Y, Hoang Anh"},{"code":"ID 113","time":"10:00–10:15","title":"The Impact of Art-Tech Fusion on Behavioral Change","authors":"Trinh Thuy Anh, Tran Nguyen Cam Linh, Duong Thi Thuy Trang, Nguyen Thi Thanh Huyen, Vu Thanh Truc"},{"code":"ID 111","time":"10:15–10:30","title":"Can Art Tech Education and Awareness Transform Vietnam''s Sustainable Future?","authors":"Yi Dong-Su, Vu Thanh Truc, Tran Thi Thanh Huyen"},{"code":"ID 96","time":"10:30–10:45","title":"AI Technologies in Higher Education: Assessing Opportunities and Strategic Frameworks Within the Vietnamese Context","authors":"Phuong Nguyen-Truc Phan, Trang Nguyen Le Son, Thuy Pham Thi Thu"}]'::jsonb, 213) on conflict (id) do nothing;
insert into public.sessions (id, day_id, type, code, title, speaker, chair, panelists, room, start_time, end_time, description, paper_count, papers, sort) values ('seed-214', 'day-2', 'parallel', 'D4', 'Machine Vision and Interactive Designs', null, 'Dr. Tri Cuong Do', null, 'B1.507 (40)', '09:45', '10:45', null, 3, '[{"code":"ID 42","time":"09:45–10:00","title":"Enhancing Safety in Chemical Education Through Machine Vision and Virtual Reality Simulation","authors":"Thi Anh Thu Vo, Hue My Quach, Xuan Lanh Vo, Tri Dung Dang, Tri Cuong Do"},{"code":"ID 170","time":"10:00–10:15","title":"Interaction Design for Color Vision Deficiency in Intelligent Vehicle Center Consoles","authors":"Carlos Sena Caires, Chan Kai, Zhang Xu"},{"code":"ID 53","time":"10:15–10:30","title":"A Stereo-Photogrammetry System for Multi-Plane Facial Image Acquisition and Landmark Identification Using Convolutional Neural Networks","authors":"Nguyen Minh Trieu, Nguyen Truong Ngoc Lam, Dang Tri Dung, Nguyen Thien Bao, Nguyen Truong Thinh"}]'::jsonb, 214) on conflict (id) do nothing;
insert into public.sessions (id, day_id, type, code, title, speaker, chair, panelists, room, start_time, end_time, description, paper_count, papers, sort) values ('seed-215', 'day-2', 'break', null, 'Lunch', null, null, null, 'Hall B1.12A', '11:15', '12:15', 'For invited guests and paid registered participants only.', null, null, 215) on conflict (id) do nothing;
insert into public.sessions (id, day_id, type, code, title, speaker, chair, panelists, room, start_time, end_time, description, paper_count, papers, sort) values ('seed-216', 'day-2', 'ceremony', null, 'CTD Glocal Summit', null, null, null, 'B1.205', '13:00', '14:10', '13:00 Opening Remarks (Assoc. Prof. Thuy Anh Trinh) · 13:05 CTD-UEH Strategy Development · 13:20 Breakout Group Focus Discussion · 14:00 Closing Remarks & Photo Session.', null, null, 216) on conflict (id) do nothing;
insert into public.sessions (id, day_id, type, code, title, speaker, chair, panelists, room, start_time, end_time, description, paper_count, papers, sort) values ('seed-217', 'day-2', 'parallel', 'E1', 'Business Innovation', null, 'Assoc. Prof. Nguyen Thi Hong Nham', null, 'B1.407 (40)', '13:00', '14:00', null, 4, '[{"code":"ID 110","time":"13:00–13:15","title":"Improving the Performance Forecasting ARMA-GARCH-GBM and LSTM-GBM by Bootstrapping","authors":"Nguyen Lam, Vu Nguyen"},{"code":"ID 167","time":"13:15–13:30","title":"An Integrated AI Framework for Return Prediction and Green Nudging in Sustainable E-Commerce Logistics","authors":"Huynh Ky Que, Trinh Le Duy"},{"code":"ID 159","time":"13:30–13:45","title":"A Selective Decision Framework for Aspect-Level Multimodal Restaurant Review Triage","authors":"Khang Hy Van, Thanh Hieu Bui"},{"code":"ID 63","time":"13:45–14:00","title":"The Linkage Between Cryptocurrencies and Natural Resources as Financial Investments","authors":"Bui Quang Hung, Phan Thi Bich Nguyet, Nguyen Thi Hong Nham, Le Van"}]'::jsonb, 217) on conflict (id) do nothing;
insert into public.sessions (id, day_id, type, code, title, speaker, chair, panelists, room, start_time, end_time, description, paper_count, papers, sort) values ('seed-218', 'day-2', 'parallel', 'E2', 'Multidisciplinary Research for Sustainability', null, 'Dr. Trinh Duc Cuong', null, 'B1.408 (40)', '13:00', '14:00', null, 4, '[{"code":"ID 195","time":"13:00–13:15","title":"An Empirical Study on Mental Health Literacy, Cognitive Barriers, and Help-Seeking Intentions Among Gen Z at the University of Economics Ho Chi Minh City, Vietnam","authors":"Nguyen Viet Quoc Hung, Phan Thien Kim, Le Hong Trang, Nguyen Hoai Pham"},{"code":"ID 145","time":"13:15–13:30","title":"A Product Placement Recommendation System for Co.op Mart Hypermarkets Based on Market Basket Analysis","authors":"Trung-Duy Nguyen"},{"code":"ID 124","time":"13:30–13:45","title":"Refining Tourism Accommodation Recommendation in Vietnam: An Integrated Framework Leveraging Aspect-Based Sentiment Knowledge Graphs and GraphRAG for Intelligent Retrieval","authors":"Khanh Thuy Van Hoang, Huy Thanh Nguyen"},{"code":"ID 199","time":"13:45–14:00","title":"Understanding WOM Behavior Through Heritage Storytelling: The Roles of Narrative Transportation and Cultural Involvement","authors":"Trinh Thuy Anh, Tran Cam Linh Nguyen, Trang Thi-Thuy Duong, Huyen Nguyen Thi Thanh, Truc Vu Thanh, Trung Phan Nhat"}]'::jsonb, 218) on conflict (id) do nothing;
insert into public.sessions (id, day_id, type, code, title, speaker, chair, panelists, room, start_time, end_time, description, paper_count, papers, sort) values ('seed-219', 'day-2', 'parallel', 'E3', 'Smart and Sustainable City I', null, 'Prof. Pawinee Imtrakul', null, 'B1.309 (15)', '13:00', '14:00', null, 4, '[{"code":"ID 178","time":"13:00–13:15","title":"World-Class Tourism Anchored in the Airport City Model: The Role of Long Thanh International Airport in Dong Nai","authors":"Do Le Phuc Tam, Thai Anh Vu, Trinh Tu Anh"},{"code":"ID 189","time":"13:15–13:30","title":"Resilient Infrastructure in Dense Cities: Integrated Design Approaches","authors":"Chi Bui"},{"code":"ID 168","time":"13:30–13:45","title":"Evaluation of Remote Sensing Data from MERRA-2 and CAMS Based on Ground-Based Observations for PM2.5 in Hanoi, Vietnam","authors":"Thuy-Huong Nguyen, Quang Tran Vuong, Van-Linh Le, Duy-An Dam, Huu-Tap Van, Thi-Pho Nguyen, Norimichi Takenaka, Phan Quang Thang"},{"code":"ID 163","time":"13:45–14:00","title":"Corporate Social Responsibility and Sustainable Water Governance for Megacity Resilience: A FutureScape Approach to Water Security in Ho Chi Minh City","authors":"Hoai-Tan Do-Ly, Thi-Thanh-Thuy Nguyen, Thanh-Hong-Lan Tran, Dao-Chi Vo"}]'::jsonb, 219) on conflict (id) do nothing;
insert into public.sessions (id, day_id, type, code, title, speaker, chair, panelists, room, start_time, end_time, description, paper_count, papers, sort) values ('seed-220', 'day-2', 'parallel', 'E4', 'Smart and Sustainable City II', null, 'Dr. Ducksu Seo', null, 'B1.204 (60)', '13:00', '14:00', null, 4, '[{"code":"ID 141","time":"13:00–13:15","title":"The Finance-Participation Decoupling in Smart Cities: A Scoping Review of Governance and Investment Models (2014–2024)","authors":"Thai Anh Vu, Trinh Tu Anh"},{"code":"ID 142","time":"13:15–13:30","title":"Integrating Circular City Model into Spatial Design: How to Approach for Can Gio, Vietnam","authors":"Tran Quang Bao, Phan Thi Khanh Vy, Phan Thi Thanh Vy, Pham Thi Phuong Uyen, Tran Thi Quynh Mai, Dang The Hien"},{"code":"ID 48","time":"13:30–13:45","title":"Redefining the Urban Fabric: A Systematic Literature Review on the Spatial Impacts of Infrastructure-Guided Autonomous Driving","authors":"Ducksu Seo, Yookyum Abraham Yang"},{"code":"ID 44","time":"13:45–14:00","title":"Assessing the Smart Tourism Ecosystem and Stakeholder Satisfaction in an Urban Destination Context: A Case Study in Da Nang, Vietnam","authors":"Khoa Vu Duy, Tu Anh Trinh"}]'::jsonb, 220) on conflict (id) do nothing;
insert into public.sessions (id, day_id, type, code, title, speaker, chair, panelists, room, start_time, end_time, description, paper_count, papers, sort) values ('seed-221', 'day-2', 'break', null, 'Transportation to Vinh Long', null, null, null, null, '14:30', '17:30', 'For invited guests and paid registered participants only.', null, null, 221) on conflict (id) do nothing;
insert into public.sessions (id, day_id, type, code, title, speaker, chair, panelists, room, start_time, end_time, description, paper_count, papers, sort) values ('seed-222', 'day-2', 'break', null, 'Dinner', null, null, null, null, '18:00', '20:00', 'For invited guests and paid registered participants only.', null, null, 222) on conflict (id) do nothing;
insert into public.sessions (id, day_id, type, code, title, speaker, chair, panelists, room, start_time, end_time, description, paper_count, papers, sort) values ('seed-301', 'day-3', 'break', null, 'Greetings and Registration', null, null, null, 'Hall A', '07:30', '08:00', null, null, null, 301) on conflict (id) do nothing;
insert into public.sessions (id, day_id, type, code, title, speaker, chair, panelists, room, start_time, end_time, description, paper_count, papers, sort) values ('seed-302', 'day-3', 'ceremony', null, 'Welcome address & Opening Ceremony', null, null, null, 'Hall A', '08:00', '08:15', null, null, null, 302) on conflict (id) do nothing;
insert into public.sessions (id, day_id, type, code, title, speaker, chair, panelists, room, start_time, end_time, description, paper_count, papers, sort) values ('seed-303', 'day-3', 'ceremony', null, 'Nature-Based Economy and Coastal Ecosystem Restoration in Ca Mau: A Foundation for Climate Change Adaptation', 'Ca Mau People’s Committee Representative', null, null, 'Hall A', '08:15', '08:25', null, null, null, 303) on conflict (id) do nothing;
insert into public.sessions (id, day_id, type, code, title, speaker, chair, panelists, room, start_time, end_time, description, paper_count, papers, sort) values ('seed-304', 'day-3', 'ceremony', null, 'From Production to Value Creation: Transforming Agricultural Models and Developing Sustainable Value Chains in Vinh Long', 'Vinh Long People’s Committee Representative', null, null, 'Hall A', '08:25', '08:35', 'Solutions and policy recommendations.', null, null, 304) on conflict (id) do nothing;
insert into public.sessions (id, day_id, type, code, title, speaker, chair, panelists, room, start_time, end_time, description, paper_count, papers, sort) values ('seed-305', 'day-3', 'keynote', null, 'A View from the Sea: Rethinking Water Mobilities for Climate Adaptation', 'Prof. Elena Marchigiani — Vice-director, Department of Engineering and Architecture, University of Trieste', null, null, 'Hall A', '08:35', '09:10', null, null, null, 305) on conflict (id) do nothing;
insert into public.sessions (id, day_id, type, code, title, speaker, chair, panelists, room, start_time, end_time, description, paper_count, papers, sort) values ('seed-306', 'day-3', 'keynote', null, 'From Water to Asphalt and Back: Envisioning Future Mobility for the Mekong and Saigon-Dong Nai Deltas', 'Prof. Bruno De Meulder; Prof. Kelly Shannon — Glocal experts at Institute of Smart City and Management, CTD-UEH', null, null, 'Hall A', '09:10', '09:45', null, null, null, 306) on conflict (id) do nothing;
insert into public.sessions (id, day_id, type, code, title, speaker, chair, panelists, room, start_time, end_time, description, paper_count, papers, sort) values ('seed-307', 'day-3', 'keynote', null, 'Regional Collaborations for a Prosperous and Sustainable Mekong Delta', 'Prof. Long Phi Hoang — Institute of Smart City and Management, CTD-UEH', null, null, 'Hall A', '09:45', '10:20', 'Insights from research-for-development projects on green infrastructure, mobile technology and blue carbon.', null, null, 307) on conflict (id) do nothing;
insert into public.sessions (id, day_id, type, code, title, speaker, chair, panelists, room, start_time, end_time, description, paper_count, papers, sort) values ('seed-308', 'day-3', 'break', null, 'Short Break', null, null, null, null, '10:20', '10:30', 'For invited guests and paid registered participants only.', null, null, 308) on conflict (id) do nothing;
insert into public.sessions (id, day_id, type, code, title, speaker, chair, panelists, room, start_time, end_time, description, paper_count, papers, sort) values ('seed-309', 'day-3', 'special', null, 'Delta FutureScape: Systemic Climate Adaptation and Community Design', null, 'Dr. Huynh Van Khang — Institute of Smart City and Management, CTD-UEH', 'Dr. Gianmarco D’Alessandro; Dr. Doan Van Cong; Dr. Krupa Rajangam; Prof. Manfredo Manfredini', 'Hall A', '10:30', '12:00', null, null, null, 309) on conflict (id) do nothing;
insert into public.sessions (id, day_id, type, code, title, speaker, chair, panelists, room, start_time, end_time, description, paper_count, papers, sort) values ('seed-310', 'day-3', 'special', null, 'Delta FutureScape: Artificial Intelligence and Innovation Ecosystem', null, 'Dr. Trang Nguyen — Talential Vietnam', 'Dr. Andrew Schwabe; Dr. Do Duc Hao', 'Hall A 3.1', '10:30', '12:00', null, null, null, 310) on conflict (id) do nothing;
insert into public.sessions (id, day_id, type, code, title, speaker, chair, panelists, room, start_time, end_time, description, paper_count, papers, sort) values ('seed-311', 'day-3', 'special', null, 'Delta FutureScape Environment: Environmental Quality and Health in the Energy Transition Era', null, 'Dr. Quang Tran Vuong — Institute of Smart City and Management, CTD-UEH', 'Assoc. Prof. Nguyen Van Hong; Dr. Wichitra Singhirunnusorn; Mr. Lam Nguyen Hai Long', 'Hall A I-01', '10:30', '12:00', null, null, null, 311) on conflict (id) do nothing;
insert into public.sessions (id, day_id, type, code, title, speaker, chair, panelists, room, start_time, end_time, description, paper_count, papers, sort) values ('seed-312', 'day-3', 'break', null, 'Lunch', null, null, null, null, '12:00', '13:00', 'For invited guests and paid registered participants only.', null, null, 312) on conflict (id) do nothing;
insert into public.sessions (id, day_id, type, code, title, speaker, chair, panelists, room, start_time, end_time, description, paper_count, papers, sort) values ('seed-313', 'day-3', 'parallel', 'M1', 'Innovation, Climate Adaptation and Sustainability', null, 'Dr. Gianmarco D’Alessandro', null, 'Hall A', '13:30', '14:30', null, 4, '[{"code":"ID 116","time":"13:30–13:45","title":"Multi-Canopy Ecological Design and IoT-Based dMRV Platform: Blue Carbon Credit Solutions for Brackish Areas in the Mekong Delta","authors":"Mai Hoang Long, Tran Thanh Hieu"},{"code":"ID 98","time":"13:45–14:00","title":"Climate Finance and Biodiversity: International Evidence","authors":"Lieu Thi Thy Nguyen, Long Hoang Nguyen, Quyen Thi Thao Tran, Vi Le Bui, Bao Cong Nguyen To"},{"code":"ID 197","time":"14:00–14:15","title":"Analysis of Livelihood Assets and Vulnerability of Farming Households in Flood-Prone Areas of An Giang and Dong Thap","authors":"Thanh Si Lam, Hong Tin Nguyen, Hoang Tan Nguyen, Minh Hoang Hong"},{"code":"ID 74","time":"14:15–14:30","title":"Technology Continuance Theory Model Analysis on Farmers’ Use of Mobile Application for Agrometeorological and Agronomic Advisory Service in Vietnam and Thailand","authors":"Kathleen Mae Auxtero, Shubham Anil Gade, Marco Kemperman, Muhammad Yaseen, Malay Pramanik, Phantipa Plangklang, Long Hoang, Ly Quoc Dang, Spyridon Paparrizos, Uthpal Kumar, Avishek Datta, Sushil Kumar Himanshu"}]'::jsonb, 313) on conflict (id) do nothing;
insert into public.sessions (id, day_id, type, code, title, speaker, chair, panelists, room, start_time, end_time, description, paper_count, papers, sort) values ('seed-314', 'day-3', 'parallel', 'M2', 'Sustainable City', null, 'Dr. Quang Tran Vuong', null, 'Room I-01', '13:30', '14:30', null, 4, '[{"code":"ID 229","time":"13:30–13:45","title":"Spatial Structure and Typological Transformation of Traditional Vietnamese Houses in the Mekong Delta","authors":"Huynh Van Khang"},{"code":"ID 209","time":"13:45–14:00","title":"Investigation of Long-Term Atmospheric Visibility and Influencing Factors in the Capital City of Vietnam","authors":"Quang Tran Vuong, Minh Thao Huynh, Minh Khoa Nguyen, Hoang Vinh Quang Nguyen, Thi Hong Minh Nguyen, Phan Quang Thang"},{"code":"ID 24","time":"14:00–14:15","title":"The Co-Creation Model as an Innovative Approach for Smart City in Developing Countries: The Cases of Vietnam","authors":"Tam Le Phuc Do, Hoai Nguyen Pham, Le Phan Truong An, Toan Phuc Le, Tu Anh Trinh"},{"code":"ID 99","time":"14:15–14:30","title":"Collaborative Co-Production and Spatial Agency. A Decolonial Framework for Rural Community Architecture in Kenya and Senegal","authors":"Donghwan Moon, Ducksu Seo"}]'::jsonb, 314) on conflict (id) do nothing;
insert into public.sessions (id, day_id, type, code, title, speaker, chair, panelists, room, start_time, end_time, description, paper_count, papers, sort) values ('seed-315', 'day-3', 'parallel', 'M3', 'Data Analytics and Sustainability', null, 'Ms. Le My Trinh', null, 'Hall A 3.1', '13:30', '14:30', null, 4, '[{"code":"ID 208","time":"13:30–13:45","title":"Application of Deep Learning in Image Analysis for Agricultural Pest and Disease Detection in the Mekong Delta of Vietnam","authors":"Le My Trinh, Nguyen Ngoc Tuan, Le Hoang Son"},{"code":"ID 21","time":"13:45–14:00","title":"Monitoring Coastal Mangrove Forest Areas via Satellite Imagery: Automated Data Processing Using Python and Optimization of Recognition Algorithms on Kaggle","authors":"Trinh Quang Minh, Ngo Thi Lan"},{"code":"ID 231","time":"14:00–14:15","title":"ST-KML: A Spatio-Temporal Graph Convolutional Network with Longitudinal Clustering for Early Warning of Brown Planthopper in the Mekong Delta","authors":"Ly Minh Le, Huong Kim Phan, Vinh Nguyen Nhi Gia"},{"code":"ID 106","time":"14:15–14:30","title":"An Open Data-Driven Dashboard Framework for Salinity Intrusion Adaptation Governance in Vinh Long Province","authors":"Lam Van Thinh, Huynh Vuong Thu Minh, Nguyen Dinh Giang Nam, Kim Du Won, Nguyen Vo Chau Ngan"}]'::jsonb, 315) on conflict (id) do nothing;
insert into public.sessions (id, day_id, type, code, title, speaker, chair, panelists, room, start_time, end_time, description, paper_count, papers, sort) values ('seed-316', 'day-3', 'parallel', 'M4', 'Co-creation, Technology and Smart City', null, 'Assoc. Prof. Tu Anh Trinh', null, 'Room B 2.2', '13:30', '14:30', null, 3, '[{"code":"ID 139","time":"13:30–13:45","title":"Performance of Vietnamese Smart Cities: Insight from the IMD Smart City Index","authors":"Chi Dao Vo, Tam Le Phuc Do, An Phan Truong Le, Hoai Nguyen Pham, Tu Anh Trinh"},{"code":"ID 193","time":"13:45–14:00","title":"The Livelihood Vulnerability Index: GIS-Based Assessment of Gentrification Impacts on Coastal Communities in Can Gio, Vietnam","authors":"Hao Giai Vo, Quynh Nhat Thi Nguyen, Binh Phu Pham, Tran Thi Quynh Mai, Lan Ngoc Hoang"},{"code":"ID 230","time":"14:00–14:15","title":"Co-Creation Education in Urban Planning: An Interactive Platform for Night-Time Economy","authors":"Nam-Hai Hoang Le, Sandhya Rao, Tu-Anh Trinh"}]'::jsonb, 316) on conflict (id) do nothing;
insert into public.sessions (id, day_id, type, code, title, speaker, chair, panelists, room, start_time, end_time, description, paper_count, papers, sort) values ('seed-317', 'day-3', 'break', null, 'Gala Dinner', null, null, null, null, '18:00', '20:00', 'For invited guests and paid registered participants only.', null, null, 317) on conflict (id) do nothing;
insert into public.sessions (id, day_id, type, code, title, speaker, chair, panelists, room, start_time, end_time, description, paper_count, papers, sort) values ('seed-401', 'day-4', 'break', null, 'Transportation to Can Tho', null, null, null, null, '06:00', '08:30', 'Departure from Vinh Long. For invited guests and paid registered participants only.', null, null, 401) on conflict (id) do nothing;
insert into public.sessions (id, day_id, type, code, title, speaker, chair, panelists, room, start_time, end_time, description, paper_count, papers, sort) values ('seed-402', 'day-4', 'showcase', null, 'Technical Mekong Delta Tour', null, null, null, null, '07:00', '12:30', 'For invited guests and paid registered participants only.', null, null, 402) on conflict (id) do nothing;
insert into public.sessions (id, day_id, type, code, title, speaker, chair, panelists, room, start_time, end_time, description, paper_count, papers, sort) values ('seed-403', 'day-4', 'special', null, 'Conference on Smart City Development in Can Tho', null, 'Assoc. Prof. Tu Anh Trinh — Director, Institute of Smart City and Management, CTD-UEH', 'Mr. Jose Sanchez-Barroso; Mr. Donghwan Moon; Dr. Christopher Han', 'Can Tho', '09:00', '11:00', 'Delta FutureScape - Defining the smart city strategy for Can Tho as the innovation hub of the Mekong Delta.', null, null, 403) on conflict (id) do nothing;
insert into public.sessions (id, day_id, type, code, title, speaker, chair, panelists, room, start_time, end_time, description, paper_count, papers, sort) values ('seed-404', 'day-4', 'break', null, 'Lunch', null, null, null, null, '11:00', '12:00', 'For invited guests and paid registered participants only.', null, null, 404) on conflict (id) do nothing;
insert into public.sessions (id, day_id, type, code, title, speaker, chair, panelists, room, start_time, end_time, description, paper_count, papers, sort) values ('seed-405', 'day-4', 'showcase', null, 'Technical Mekong Delta Tour and Transportation to Nha Trang', null, null, null, 'Khanh Hoa', '12:30', '18:00', 'Departure from Can Tho. Three sightseeing stops. For invited guests and paid registered participants only.', null, null, 405) on conflict (id) do nothing;
insert into public.sessions (id, day_id, type, code, title, speaker, chair, panelists, room, start_time, end_time, description, paper_count, papers, sort) values ('seed-406', 'day-4', 'break', null, 'Dinner', null, null, null, null, '18:00', '20:00', 'For invited guests only.', null, null, 406) on conflict (id) do nothing;
insert into public.sessions (id, day_id, type, code, title, speaker, chair, panelists, room, start_time, end_time, description, paper_count, papers, sort) values ('seed-501', 'day-5', 'break', null, 'Greetings and Registration', null, null, null, 'Main Hall', '08:30', '09:00', null, null, null, 501) on conflict (id) do nothing;
insert into public.sessions (id, day_id, type, code, title, speaker, chair, panelists, room, start_time, end_time, description, paper_count, papers, sort) values ('seed-502', 'day-5', 'ceremony', null, 'Welcome address & Opening Ceremony', null, null, null, 'Main Hall', '09:00', '09:25', null, null, null, 502) on conflict (id) do nothing;
insert into public.sessions (id, day_id, type, code, title, speaker, chair, panelists, room, start_time, end_time, description, paper_count, papers, sort) values ('seed-503', 'day-5', 'keynote', null, 'LLM-Based 3D Scene Generation and Interaction for Immersive Experiences', 'Prof. Kim Yong-Guk — Department of Computer Engineering, Sejong University', null, null, 'Main Hall', '09:25', '10:00', null, null, null, 503) on conflict (id) do nothing;
insert into public.sessions (id, day_id, type, code, title, speaker, chair, panelists, room, start_time, end_time, description, paper_count, papers, sort) values ('seed-504', 'day-5', 'keynote', null, 'AI, Integrated Urban Design, and the Net-Zero City', 'Prof. Soolyeon Cho — Director, Building Energy Technology Lab, North Carolina State University', null, null, 'Main Hall', '10:00', '10:30', null, null, null, 504) on conflict (id) do nothing;
insert into public.sessions (id, day_id, type, code, title, speaker, chair, panelists, room, start_time, end_time, description, paper_count, papers, sort) values ('seed-505', 'day-5', 'break', null, 'Short Break', null, null, null, null, '10:30', '10:40', 'For invited guests and paid registered participants only.', null, null, 505) on conflict (id) do nothing;
insert into public.sessions (id, day_id, type, code, title, speaker, chair, panelists, room, start_time, end_time, description, paper_count, papers, sort) values ('seed-506', 'day-5', 'special', null, 'Blue FutureScape: Nature, Identity, and the Blue Economy in Coastal Development', null, 'Assoc. Prof. Tu Anh Trinh — Director, Institute of Smart City and Management, CTD-UEH', 'Dr. Ninik Suhartini; Dr. Krupa Rajangam; Mr. Cho Kwanphil; Dr. Sophie Cloes', 'Main Hall', '10:40', '12:10', null, null, null, 506) on conflict (id) do nothing;
insert into public.sessions (id, day_id, type, code, title, speaker, chair, panelists, room, start_time, end_time, description, paper_count, papers, sort) values ('seed-507', 'day-5', 'special', null, 'Blue FutureScape: Oceanovation for Sustainable Blue Growth', null, 'Dr. Tri Dung Dang — Institute of Intelligent and Interactive Technologies, CTD-UEH', 'Dr. Vu Lan Nguyen; Dr. Nhat Luong Nhieu; Prof. Thanh Danh Le; Prof. Kim Yong-Guk', 'Room 1', '10:40', '12:10', null, null, null, 507) on conflict (id) do nothing;
insert into public.sessions (id, day_id, type, code, title, speaker, chair, panelists, room, start_time, end_time, description, paper_count, papers, sort) values ('seed-508', 'day-5', 'break', null, 'Lunch', null, null, null, null, '12:10', '13:10', 'For invited guests and paid registered participants only.', null, null, 508) on conflict (id) do nothing;
insert into public.sessions (id, day_id, type, code, title, speaker, chair, panelists, room, start_time, end_time, description, paper_count, papers, sort) values ('seed-509', 'day-5', 'parallel', 'NX1', 'Innovation, Growth, and Sustainability', null, 'Dr. Long Phi Hoang', null, 'Room 1', '13:30', '15:15', null, 7, '[{"code":"ID 211","time":"13:30–13:45","title":"Community-Based Tourism Development Linked with Marine Ecosystem Conservation on Bich Dam Island, Nha Trang City","authors":"Van Du Nguyen"},{"code":"ID 161","time":"13:45–14:00","title":"Marine Environmental Protection as Police Powers Under International Investment Law: The Case of Vietnam’s Coastal Tourism Regulation","authors":"Le Thi Thanh Thanh, Ho Anh Thu"},{"code":"ID 121","time":"14:00–14:15","title":"How Green Human Resource Management Drives Employees’ Green Behavior: Evidence from Vietnam’s Coastal Tourism Industry","authors":"Nguyen Quynh Nhi, Trinh Le Duy"},{"code":"ID 37","time":"14:15–14:30","title":"Social Capital and Coastal Innovation: The Mediating Roles of Stakeholder Participation, Knowledge Sharing, and Co-Creation - Evidence from Nha Trang, Vietnam","authors":"Bui Cao Yen Diem, Nguyen Hoang Thanh Nha, Nguyen Hoang Yen Nhi, Hoang Linh Giang"},{"code":"ID 92","time":"14:30–14:45","title":"Green Finance and Financial Development for a Cleaner Future: Mitigating Environmental Challenges","authors":"Tien Trong Ngo, Khang Viet Vinh Nguyen, Trang Doan Doan Van, Nguyen Thi Lien Hoa"},{"code":"ID 91","time":"14:45–15:00","title":"Evaluating the Bioeconomy Nexus: Techno-Economic Optimization, Carbon Credit Potential, and Social Multiplier Effects in Anaerobic Digestion Systems","authors":"Tan Trung Nguyen"},{"code":"ID 174","time":"15:00–15:15","title":"ESG Awareness and Retail Investment Decisions: The Moderating Role of Investment Horizon in the Vietnamese Stock Market","authors":"Ngoc To Uyen Le, Thuy Ngoc Vuong, Yen Hai Hoang"}]'::jsonb, 509) on conflict (id) do nothing;
insert into public.sessions (id, day_id, type, code, title, speaker, chair, panelists, room, start_time, end_time, description, paper_count, papers, sort) values ('seed-510', 'day-5', 'parallel', 'NX2', 'Environmental, Economic and Technological Transitions', null, 'Dr. Vu Lan Nguyen', null, 'Main Hall', '13:30', '15:15', null, 7, '[{"code":"ID 180","time":"13:30–13:45","title":"Life-Cycle Greenhouse Gas Emissions and Combustion Performance of Palm Biodiesel Under Different Land-Use Scenarios","authors":"Thanh Phuong Ton Nu"},{"code":"ID 235","time":"13:45–14:00","title":"Ecological Transition from Ocean to City: Spatial Equity and the Accessibility of Public Open Spaces","authors":"Nhu Nguyen Tran Linh, Ngoc Le Pham Khanh, Ngoc Le Hoang Kim, Anh Vo Ngoc Quynh, Tuan Le Nguyen Duc, Nam-Hai Hoang Le"},{"code":"ID 88","time":"14:00–14:15","title":"Total Factor Productivity and the Growth Pattern of Marine Fisheries in Vietnam’s 28 Coastal Provinces","authors":"Thuy Trang Vo, Trong Bao Nguyen"},{"code":"ID 75","time":"14:15–14:30","title":"AI-Driven Marketing Capabilities and Market Expansion Performance: Evidence from Tourist Cities in Vietnam","authors":"Dinh Doan Thi Cam Suong, Nguyen Truong Thinh"},{"code":"ID 50","time":"14:30–14:45","title":"Applying Artificial Intelligence to Enhance Creativity and Startup Ideation Among Vietnamese Students: A Mixed-Methods Study","authors":"Vo Thanh Tuan, Bach Long Giang, Huynh Hong Mai, Nguyen Truong Thinh"},{"code":"ID 239","time":"14:45–15:00","title":"Human-AI Collaboration in Organizations: Mapping the Intellectual Structure and Future Research Directions?","authors":"Thi Yen Nguyen, Thi Ngoc Trinh Vo, Thanh Danh Le"},{"code":"ID 173","time":"15:00–15:15","title":"Blue Economy Expansion and Environmental Sustainability in Vietnam: Evidence from Quantile-on-Quantile Kernel-Regularised Least Squares","authors":"Thanh Phuc Nguyen, Duong Thi Thuy Trang, Pham Thi Thu Thuy, Nguyen Nhu Uyen"}]'::jsonb, 510) on conflict (id) do nothing;
insert into public.sessions (id, day_id, type, code, title, speaker, chair, panelists, room, start_time, end_time, description, paper_count, papers, sort) values ('seed-511', 'day-5', 'parallel', 'NX3', 'Big Data, Machine Learning and Robotics', null, 'Prof. Nguyen Truong Thinh', null, 'Room 2', '13:30', '15:00', null, 6, '[{"code":"ID 86","time":"13:30–13:45","title":"Consensus-Based Agentic Large Language Model Framework for Harmonized Tariff Schedule Code Classification","authors":"Truong Thanh Hung Nguyen, Khanh Van Quynh Nguyen, Hoang-Loc Cao, Tri Duong, Phuc Ho, Van Pham, Loc Nguyen, Hung Cao"},{"code":"ID 51","time":"13:45–14:00","title":"Automated Visual Inspection for Fiber Assembly Defect Detection in Front-End Manufacturing Using Deep Learning","authors":"Nguyen Hai Nhan, Pham Huu Duy, Dang Tri Dung, Nguyen Minh Trieu, Nguyen Truong Thinh"},{"code":"ID 233","time":"14:00–14:15","title":"Effect of Window Opening Area Ratio on Natural Ventilation Performance in a 2D Room: A CFD Study","authors":"De Tai Duong, Thi Thach Thao Nguyen, Thanh Danh Le"},{"code":"ID 54","time":"14:15–14:30","title":"Trajectory Planning and Depth-Based Nest Localization Using a Pan-Tilt Vision System Mounted on a Gantry Robot in Swiftlet Houses","authors":"Tran Tuyet Quyen, Trinh Duc Cuong, Nguyen Minh Trieu, Nguyen Truong Thinh"},{"code":"ID 52","time":"14:30–14:45","title":"Applying Cockroach Behavior to Control Biological Hybrid Cockroach Robot: A Bio-Inspired Approach","authors":"Le Minh Triet, Nguyen Minh Trieu, Nguyen Hoang Kha, Do Tri Cuong, Nguyen Truong Thinh"},{"code":"ID 39","time":"14:45–15:00","title":"DSC-MTVRP: A Hybrid Algorithm for Large-Scale Vehicle Routing","authors":"Van-Anh Tran, Trung-Hieu Tran, Nhat-Luong Nhieu"}]'::jsonb, 511) on conflict (id) do nothing;
insert into public.sessions (id, day_id, type, code, title, speaker, chair, panelists, room, start_time, end_time, description, paper_count, papers, sort) values ('seed-512', 'day-5', 'break', null, 'Farewell Dinner', null, null, null, null, '18:00', '21:00', 'For invited guests and paid registered participants only. RTD 2026 Best Paper Award announcement.', null, null, 512) on conflict (id) do nothing;
insert into public.sessions (id, day_id, type, code, title, speaker, chair, panelists, room, start_time, end_time, description, paper_count, papers, sort) values ('seed-601', 'day-6', 'showcase', null, 'Technical Nha Trang Tour', null, null, null, 'Khanh Hoa', '08:00', '13:45', 'For invited guests and paid registered participants only.', null, null, 601) on conflict (id) do nothing;
insert into public.sessions (id, day_id, type, code, title, speaker, chair, panelists, room, start_time, end_time, description, paper_count, papers, sort) values ('seed-602', 'day-6', 'break', null, 'Transportation to Ho Chi Minh', null, null, null, null, '14:00', '14:30', 'Departure from Khanh Hoa. For invited guests and paid registered participants only.', null, null, 602) on conflict (id) do nothing;

insert into public.settings (key, value) values ('hero_tagline', 'The 3rd International Conference on Resilience by Technology and Design') on conflict (key) do nothing;
insert into public.settings (key, value) values ('announcement', '') on conflict (key) do nothing;
insert into public.settings (key, value) values ('support_note', 'Technical & logistical support: rtd@ueh.edu.vn · On-site (Jul 15–16): Rooms B1.305 & B1.306, UEH Campus B, 279 Nguyen Tri Phuong, Ho Chi Minh City — Ms. Mi Trang, WhatsApp +84 978 840 897') on conflict (key) do nothing;
insert into public.settings (key, value) values ('post_conference_note', 'The full programme runs July 15–20 across UEH Campus B, UEH Mekong Campus and UEH Nexus Nha Trang Campus, with FutureScape sessions, technical tours and the RTD 2026 Best Paper Award farewell dinner.') on conflict (key) do nothing;
