-- Generated from src/data/seed.ts — do not edit by hand.

insert into public.days (id, date, label, title, sort) values ('day-1', '2026-07-15', 'Day 1', 'Keynotes, FutureScape Sessions & Tracks A–C', 1) on conflict (id) do update set date = excluded.date, label = excluded.label, title = excluded.title, sort = excluded.sort;
insert into public.days (id, date, label, title, sort) values ('day-2', '2026-07-16', 'Day 2', 'Keynotes, FutureScape Sessions & Tracks D–E', 2) on conflict (id) do update set date = excluded.date, label = excluded.label, title = excluded.title, sort = excluded.sort;

insert into public.sessions (id, day_id, type, code, title, speaker, chair, panelists, room, start_time, end_time, description, paper_count, sort) values ('seed-1', 'day-1', 'break', null, 'Registration & Welcome Coffee', null, null, null, 'Hall B1.302 Foyer', '08:00', '08:30', null, null, 1) on conflict (id) do nothing;
insert into public.sessions (id, day_id, type, code, title, speaker, chair, panelists, room, start_time, end_time, description, paper_count, sort) values ('seed-2', 'day-1', 'ceremony', null, 'Opening Ceremony', null, null, null, 'Hall B1.302', '08:30', '09:00', 'Welcome remarks from UEH University and the College of Technology and Design.', null, 2) on conflict (id) do nothing;
insert into public.sessions (id, day_id, type, code, title, speaker, chair, panelists, room, start_time, end_time, description, paper_count, sort) values ('seed-3', 'day-1', 'keynote', 'K1', 'Unlocking Business Potential Through University Living Labs', 'Prof. Utz Dornberger — Director, SEPT Competence Center, Leipzig University', null, null, 'Hall B1.302', '09:00', '09:40', null, null, 3) on conflict (id) do nothing;
insert into public.sessions (id, day_id, type, code, title, speaker, chair, panelists, room, start_time, end_time, description, paper_count, sort) values ('seed-4', 'day-1', 'keynote', 'K2', 'The FutureScape of Smart City: Unlocking the Prospects and Trends for Developing Cities', 'Assoc. Prof. Tu Anh Trinh — Director, Institute of Smart City and Management, University of Economics Ho Chi Minh City', null, null, 'Hall B1.302', '09:40', '10:20', null, null, 4) on conflict (id) do nothing;
insert into public.sessions (id, day_id, type, code, title, speaker, chair, panelists, room, start_time, end_time, description, paper_count, sort) values ('seed-5', 'day-1', 'break', null, 'Coffee Break', null, null, null, null, '10:20', '10:40', null, null, 5) on conflict (id) do nothing;
insert into public.sessions (id, day_id, type, code, title, speaker, chair, panelists, room, start_time, end_time, description, paper_count, sort) values ('seed-6', 'day-1', 'keynote', 'K3', 'Data, Robotics, and Intelligence for Planetary Wellbeing', 'Prof. Bor-Jiunn Wen — Chair, Department of Mechanical and Mechatronic Engineering, National Taiwan Ocean University', null, null, 'Hall B1.302', '10:40', '11:20', null, null, 6) on conflict (id) do nothing;
insert into public.sessions (id, day_id, type, code, title, speaker, chair, panelists, room, start_time, end_time, description, paper_count, sort) values ('seed-7', 'day-1', 'special', 'SS1', 'FutureScape Netzero Transition: Interdisciplinary Development', null, 'Dr. Vo Dao Chi — Institute of Smart City and Management, CTD-UEH', 'Prof. Dr. Frank Fichert; Prof. Dr. Jeongseob Kim; Dr. Cung Trong Cuong; Assoc. Prof. Nguyen Hong Quan', 'Hall B1.302', '11:20', '12:30', null, null, 7) on conflict (id) do nothing;
insert into public.sessions (id, day_id, type, code, title, speaker, chair, panelists, room, start_time, end_time, description, paper_count, sort) values ('seed-8', 'day-1', 'special', 'SS2', 'FutureScape Cities: Designing the Next Urban Generation', null, 'Assoc. Prof. Tu Anh Trinh — Director, Institute of Smart City and Management, CTD-UEH', 'Mr. Tran Anh Dung; Assoc. Prof. Ducksu Seo; Prof. Pawinee Iamtrakul; Mr. Clinton Moore', 'B1.205', '11:20', '12:30', null, null, 8) on conflict (id) do nothing;
insert into public.sessions (id, day_id, type, code, title, speaker, chair, panelists, room, start_time, end_time, description, paper_count, sort) values ('seed-9', 'day-1', 'special', 'SS3', 'FutureScape Business: Intelligent Industry, Sustainable Mobility — Emerging Technologies Reshaping the Business Landscape', null, 'Dr. Nguyen Quoc Khanh — Institute of Innovation, CTD-UEH', 'Dr. Ho Quang Truong; Dr. Ho Diep', 'B1.204', '11:20', '12:30', null, null, 9) on conflict (id) do nothing;
insert into public.sessions (id, day_id, type, code, title, speaker, chair, panelists, room, start_time, end_time, description, paper_count, sort) values ('seed-10', 'day-1', 'special', 'SS4', 'FutureScape Creative Technology: Art, Media and Immersive Experiences', null, 'Mr. Do Le Phuc Tam — Institute of Smart City and Management, CTD-UEH', 'Prof. LeeHwan Hwang; Dr. Filipa Martins; Dr. Dong Su Yi', 'B1.203', '11:20', '12:30', null, null, 10) on conflict (id) do nothing;
insert into public.sessions (id, day_id, type, code, title, speaker, chair, panelists, room, start_time, end_time, description, paper_count, sort) values ('seed-11', 'day-1', 'break', null, 'Lunch', null, null, null, null, '12:30', '13:30', null, null, 11) on conflict (id) do nothing;
insert into public.sessions (id, day_id, type, code, title, speaker, chair, panelists, room, start_time, end_time, description, paper_count, sort) values ('seed-12', 'day-1', 'special', 'SS5', 'FutureScape Glocal Design: Research by Design for Vietnam Context', null, 'Prof. Elena Marchigiani — Trieste University', 'Dr. Harvey Neo; Dr. Adrian Lo; Mr. Steven Petit; Mr. Jaillais Neliaz Martin Francois', 'Hall B1.302', '13:30', '14:40', null, null, 12) on conflict (id) do nothing;
insert into public.sessions (id, day_id, type, code, title, speaker, chair, panelists, room, start_time, end_time, description, paper_count, sort) values ('seed-13', 'day-1', 'special', 'SS6', 'FutureScape Co-Creation: Living Labs and Collaborative Innovation', null, 'Dr. Pham Nguyen Hoai — Institute of Smart City and Management, CTD-UEH', 'Prof. Dr. Utz Dornberger; Dr. Nguyen Anh Tuan; Prof. Dr. Erik Wende', 'B1.204', '13:30', '14:40', null, null, 13) on conflict (id) do nothing;
insert into public.sessions (id, day_id, type, code, title, speaker, chair, panelists, room, start_time, end_time, description, paper_count, sort) values ('seed-14', 'day-1', 'special', 'SS7', 'FutureScape Frontier Intelligence: AI, Robotics and Digital Twins', null, 'Prof. Truong Thinh Nguyen — Vice-Rector, CTD-UEH', 'Dr. Thien Bao Nguyen; Prof. Bor-Jiunn Wen; Prof. Fan-Bean Wu; Prof. Kim Yong-Guk', 'B1.205', '13:30', '14:40', null, null, 14) on conflict (id) do nothing;
insert into public.sessions (id, day_id, type, code, title, speaker, chair, panelists, room, start_time, end_time, description, paper_count, sort) values ('seed-15', 'day-1', 'parallel', 'A1', 'Business Innovation and Sustainability', null, 'Assoc. Prof. Le Thi Phuong Vy', null, 'B1.407 (40)', '14:40', '16:00', null, 3, 15) on conflict (id) do nothing;
insert into public.sessions (id, day_id, type, code, title, speaker, chair, panelists, room, start_time, end_time, description, paper_count, sort) values ('seed-16', 'day-1', 'parallel', 'A2', 'Co-creation, Innovation Ecosystems and Entrepreneurship', null, 'Dr. Thai Kim Phung', null, 'B1.408 (40)', '14:40', '16:00', null, 4, 16) on conflict (id) do nothing;
insert into public.sessions (id, day_id, type, code, title, speaker, chair, panelists, room, start_time, end_time, description, paper_count, sort) values ('seed-17', 'day-1', 'parallel', 'A3', 'Art, Media, and Technology', null, 'Assoc. Prof. Trinh Thuy Anh', null, 'B1.409 (50)', '14:40', '16:00', null, 4, 17) on conflict (id) do nothing;
insert into public.sessions (id, day_id, type, code, title, speaker, chair, panelists, room, start_time, end_time, description, paper_count, sort) values ('seed-18', 'day-1', 'parallel', 'A4', 'Data Analytics', null, 'Prof. Nguyen Truong Thinh', null, 'B1.507 (40)', '14:40', '16:00', null, 4, 18) on conflict (id) do nothing;
insert into public.sessions (id, day_id, type, code, title, speaker, chair, panelists, room, start_time, end_time, description, paper_count, sort) values ('seed-19', 'day-1', 'parallel', 'B1', 'Blockchain and Fintech', null, 'Assoc. Prof. Ngo Minh Vu', null, 'B1.307 (15)', '14:40', '16:00', null, 3, 19) on conflict (id) do nothing;
insert into public.sessions (id, day_id, type, code, title, speaker, chair, panelists, room, start_time, end_time, description, paper_count, sort) values ('seed-20', 'day-1', 'parallel', 'B2', 'Co-creation and Innovation Ecosystems', null, 'Assoc. Prof. Do Thi Hai Ninh', null, 'B1.308 (15)', '14:40', '16:00', null, 4, 20) on conflict (id) do nothing;
insert into public.sessions (id, day_id, type, code, title, speaker, chair, panelists, room, start_time, end_time, description, paper_count, sort) values ('seed-21', 'day-1', 'parallel', 'B3', 'Smart and Sustainable City — Nature', null, 'Mr. Han-Yi Hsiao', null, 'B1.403 (80)', '14:40', '16:00', null, 4, 21) on conflict (id) do nothing;
insert into public.sessions (id, day_id, type, code, title, speaker, chair, panelists, room, start_time, end_time, description, paper_count, sort) values ('seed-22', 'day-1', 'parallel', 'B4', 'Data Analytics', null, 'Dr. Nguyen Ba Son', null, 'B1.309 (15)', '14:40', '16:00', null, 3, 22) on conflict (id) do nothing;
insert into public.sessions (id, day_id, type, code, title, speaker, chair, panelists, room, start_time, end_time, description, paper_count, sort) values ('seed-23', 'day-1', 'break', null, 'Coffee Break', null, null, null, null, '16:00', '16:20', null, null, 23) on conflict (id) do nothing;
insert into public.sessions (id, day_id, type, code, title, speaker, chair, panelists, room, start_time, end_time, description, paper_count, sort) values ('seed-24', 'day-1', 'parallel', 'C1', 'Climate Risk and Business Sustainability', null, 'Dr. Nguyen Le Ngan Trang', null, 'B1.407 (40)', '16:20', '17:40', null, 3, 24) on conflict (id) do nothing;
insert into public.sessions (id, day_id, type, code, title, speaker, chair, panelists, room, start_time, end_time, description, paper_count, sort) values ('seed-25', 'day-1', 'parallel', 'C2', 'Innovation Ecosystems and Entrepreneurship', null, 'Dr. Christopher Han', null, 'B1.408 (40)', '16:20', '17:40', null, 3, 25) on conflict (id) do nothing;
insert into public.sessions (id, day_id, type, code, title, speaker, chair, panelists, room, start_time, end_time, description, paper_count, sort) values ('seed-26', 'day-1', 'parallel', 'C3', 'Art, Media, and Technology in Sustainable Development', null, 'Assoc. Prof. Trinh Thuy Anh', null, 'B1.409 (50)', '16:20', '17:40', null, 4, 26) on conflict (id) do nothing;
insert into public.sessions (id, day_id, type, code, title, speaker, chair, panelists, room, start_time, end_time, description, paper_count, sort) values ('seed-27', 'day-1', 'parallel', 'C4', 'Data, Robotics, and Intelligence', null, 'Dr. Tri Dung Dang', null, 'B1.507 (40)', '16:20', '17:40', null, 3, 27) on conflict (id) do nothing;
insert into public.sessions (id, day_id, type, code, title, speaker, chair, panelists, room, start_time, end_time, description, paper_count, sort) values ('seed-28', 'day-2', 'break', null, 'Registration & Welcome Coffee', null, null, null, 'Hall B1.302 Foyer', '08:30', '09:00', null, null, 28) on conflict (id) do nothing;
insert into public.sessions (id, day_id, type, code, title, speaker, chair, panelists, room, start_time, end_time, description, paper_count, sort) values ('seed-29', 'day-2', 'keynote', 'K4', 'Art, Media, and Technology in Sustainable Future', 'Prof. Haipeng Mi — Department of Information Art and Design, Tsinghua University', null, null, 'Hall B1.302', '09:00', '09:40', null, null, 29) on conflict (id) do nothing;
insert into public.sessions (id, day_id, type, code, title, speaker, chair, panelists, room, start_time, end_time, description, paper_count, sort) values ('seed-30', 'day-2', 'keynote', 'K5', 'Culture as a Catalyst for Sustainable Development: Indonesia''s Experience in Advancing Creativity, Innovation, and Digital Transformation', 'Ms. Carolina Tinangon — Consul General, Consulate General of the Republic of Indonesia', null, null, 'Hall B1.302', '09:40', '10:20', null, null, 30) on conflict (id) do nothing;
insert into public.sessions (id, day_id, type, code, title, speaker, chair, panelists, room, start_time, end_time, description, paper_count, sort) values ('seed-31', 'day-2', 'break', null, 'Coffee Break', null, null, null, null, '10:20', '10:40', null, null, 31) on conflict (id) do nothing;
insert into public.sessions (id, day_id, type, code, title, speaker, chair, panelists, room, start_time, end_time, description, paper_count, sort) values ('seed-32', 'day-2', 'special', 'SS8', 'Creative Industries and Culture-Led Innovation: Empowering the Next Generation', null, 'Prof. Thuy Anh Trinh — Rector, CTD-UEH', 'Dr. Nurul Hanim Romainoor; Mr. Phillip Friesen; Mr. Le Gia Phong', 'Hall B1.302', '10:40', '12:00', null, null, 32) on conflict (id) do nothing;
insert into public.sessions (id, day_id, type, code, title, speaker, chair, panelists, room, start_time, end_time, description, paper_count, sort) values ('seed-33', 'day-2', 'special', 'SS9', 'FutureScape Mobility: Sustainable Transportation and the Role of DRT in Smart Mobility Ecosystems', null, 'Dr. Quang Tran Vuong — Institute of Smart City and Management, CTD-UEH', 'Dr. Junggon Sung; Dr. Youngjin Yuk; Mr. Hoyoon Lee; Dr. Pham Nguyen Hoai; Ms. Emma Thao Nguyen; Ms. Bui Thu Hien', 'B1.204', '10:40', '12:00', null, null, 33) on conflict (id) do nothing;
insert into public.sessions (id, day_id, type, code, title, speaker, chair, panelists, room, start_time, end_time, description, paper_count, sort) values ('seed-34', 'day-2', 'special', 'SS10', 'FutureScape Smart Township: A New Urban Development for a Sustainable Community', null, 'Dr. Tran Khac Minh — Institute of Smart City and Management, CTD-UEH', 'Mr. Hyo-jun Kim; Mr. Cho Kwanphil; Dr. Christopher Han', 'B1.203', '10:40', '12:00', null, null, 34) on conflict (id) do nothing;
insert into public.sessions (id, day_id, type, code, title, speaker, chair, panelists, room, start_time, end_time, description, paper_count, sort) values ('seed-35', 'day-2', 'special', 'SS11', 'FutureScape Artificial Intelligence: AI & Intelligent Systems in Business', null, 'Dr. Nguyen Van Du — School of Business Information Technology, CTD-UEH', 'Dr. Ngo Tan Vu Khanh; Prof. Parisa Kordjamshidi; Dr. Nguyen Thanh Huy', 'B1.205', '10:40', '12:00', null, null, 35) on conflict (id) do nothing;
insert into public.sessions (id, day_id, type, code, title, speaker, chair, panelists, room, start_time, end_time, description, paper_count, sort) values ('seed-36', 'day-2', 'break', null, 'Lunch', null, null, null, null, '12:00', '13:30', null, null, 36) on conflict (id) do nothing;
insert into public.sessions (id, day_id, type, code, title, speaker, chair, panelists, room, start_time, end_time, description, paper_count, sort) values ('seed-37', 'day-2', 'parallel', 'D1', 'Business Innovation and Sustainability', null, 'Prof. Utz Dornberger', null, 'B1.407 (40)', '13:30', '14:50', null, 4, 37) on conflict (id) do nothing;
insert into public.sessions (id, day_id, type, code, title, speaker, chair, panelists, room, start_time, end_time, description, paper_count, sort) values ('seed-38', 'day-2', 'parallel', 'D2', 'Co-creation, Innovation Ecosystems and Entrepreneurship', null, 'Dr. Bui Thanh Hieu', null, 'B1.408 (40)', '13:30', '14:50', null, 4, 38) on conflict (id) do nothing;
insert into public.sessions (id, day_id, type, code, title, speaker, chair, panelists, room, start_time, end_time, description, paper_count, sort) values ('seed-39', 'day-2', 'parallel', 'D3', 'Media and Technology', null, 'Dr. Nhieu Nhat Luong', null, 'B1.409 (50)', '13:30', '14:50', null, 4, 39) on conflict (id) do nothing;
insert into public.sessions (id, day_id, type, code, title, speaker, chair, panelists, room, start_time, end_time, description, paper_count, sort) values ('seed-40', 'day-2', 'parallel', 'D4', 'Machine Vision and Interactive Designs', null, 'Dr. Tri Cuong Do', null, 'B1.507 (40)', '13:30', '14:50', null, 3, 40) on conflict (id) do nothing;
insert into public.sessions (id, day_id, type, code, title, speaker, chair, panelists, room, start_time, end_time, description, paper_count, sort) values ('seed-41', 'day-2', 'break', null, 'Coffee Break', null, null, null, null, '14:50', '15:10', null, null, 41) on conflict (id) do nothing;
insert into public.sessions (id, day_id, type, code, title, speaker, chair, panelists, room, start_time, end_time, description, paper_count, sort) values ('seed-42', 'day-2', 'parallel', 'E1', 'Business Innovation', null, 'Assoc. Prof. Nguyen Thi Hong Nham', null, 'B1.407 (40)', '15:10', '16:30', null, 4, 42) on conflict (id) do nothing;
insert into public.sessions (id, day_id, type, code, title, speaker, chair, panelists, room, start_time, end_time, description, paper_count, sort) values ('seed-43', 'day-2', 'parallel', 'E2', 'Multidisciplinary Research for Sustainability', null, 'Dr. Trinh Duc Cuong', null, 'B1.408 (40)', '15:10', '16:30', null, 4, 43) on conflict (id) do nothing;
insert into public.sessions (id, day_id, type, code, title, speaker, chair, panelists, room, start_time, end_time, description, paper_count, sort) values ('seed-44', 'day-2', 'parallel', 'E3', 'Smart and Sustainable City I', null, 'Prof. Pawinee Imtrakul', null, 'B1.409 (50)', '15:10', '16:30', null, 4, 44) on conflict (id) do nothing;
insert into public.sessions (id, day_id, type, code, title, speaker, chair, panelists, room, start_time, end_time, description, paper_count, sort) values ('seed-45', 'day-2', 'parallel', 'E4', 'Smart and Sustainable City II', null, 'Dr. Ducksu Seo', null, 'B1.204 (60)', '15:10', '16:30', null, 4, 45) on conflict (id) do nothing;
insert into public.sessions (id, day_id, type, code, title, speaker, chair, panelists, room, start_time, end_time, description, paper_count, sort) values ('seed-46', 'day-2', 'ceremony', null, 'Closing Ceremony & Best Paper Awards', null, null, null, 'Hall B1.302', '16:30', '17:00', 'Conference wrap-up, best paper awards and announcement of the post-conference programme (17–20 July).', null, 46) on conflict (id) do nothing;

insert into public.settings (key, value) values ('hero_tagline', 'The 3rd International Conference on Resilience by Technology and Design') on conflict (key) do nothing;
insert into public.settings (key, value) values ('announcement', '') on conflict (key) do nothing;
