-- Generated from src/data/seed.ts — do not edit by hand.

-- Replace previously seeded rows (CMS-created rows are untouched).
delete from public.sessions where id like 'seed-%';

insert into public.days (id, date, label, title, sort) values ('day-1', '2026-07-15', 'Day 1', 'Opening, Keynotes, FutureScape Sessions & Tracks A–C', 1) on conflict (id) do update set date = excluded.date, label = excluded.label, title = excluded.title, sort = excluded.sort;
insert into public.days (id, date, label, title, sort) values ('day-2', '2026-07-16', 'Day 2', 'Keynotes, FutureScape Sessions, CTD Summit & Tracks D–E', 2) on conflict (id) do update set date = excluded.date, label = excluded.label, title = excluded.title, sort = excluded.sort;

insert into public.sessions (id, day_id, type, code, title, speaker, chair, panelists, room, start_time, end_time, description, paper_count, papers, sort) values ('seed-101', 'day-1', 'break', null, 'Greetings & Registration', null, null, null, 'Lobby B1', '07:30', '08:00', null, null, null, 101) on conflict (id) do nothing;
insert into public.sessions (id, day_id, type, code, title, speaker, chair, panelists, room, start_time, end_time, description, paper_count, papers, sort) values ('seed-102', 'day-1', 'showcase', null, 'FutureScape Showcase — Partner Exhibition Booths', null, null, null, 'Lobby B1', '07:30', '16:30', 'All-day showcase of technology solutions, applied research, digital mapping, sustainability initiatives, immersive media and creative design. Exhibition booths and innovation showcases by HPT, UOB, WATA Software, Leonix Vietnam, Cloudmap, Wuxi University, UEH Sustainability, Hologram Walk, and an Art Exhibition.', null, null, 102) on conflict (id) do nothing;
insert into public.sessions (id, day_id, type, code, title, speaker, chair, panelists, room, start_time, end_time, description, paper_count, papers, sort) values ('seed-103', 'day-1', 'showcase', null, 'Living Symbiosis: ArtTech Experience', null, null, null, 'B2.110', '07:30', '16:30', 'An immersive ArtTech experience featuring AR, VR, animation, 3D mapping, Hologram Walk, and an oil painting showcase — Creative Space & Immersive Room.', null, null, 103) on conflict (id) do nothing;
insert into public.sessions (id, day_id, type, code, title, speaker, chair, panelists, room, start_time, end_time, description, paper_count, papers, sort) values ('seed-104', 'day-1', 'ceremony', null, 'Welcome Address & Opening Ceremony', null, null, null, 'Hall B1.302', '08:00', '08:45', '08:00 Opening Remarks (Assoc. Prof. Bui Quang Hung) · 08:10 UEH Development Strategy (Assoc. Prof. Bui Quang Hung) · 08:25 Journal of Technology and Design Introduction (Assoc. Prof. Trinh Thuy Anh / Prof. Nguyen Truong Thinh) · 08:40 Gift & Photo Session.', null, null, 104) on conflict (id) do nothing;
insert into public.sessions (id, day_id, type, code, title, speaker, chair, panelists, room, start_time, end_time, description, paper_count, papers, sort) values ('seed-105', 'day-1', 'break', null, 'Short Break', null, null, null, null, '08:45', '09:00', null, null, null, 105) on conflict (id) do nothing;
insert into public.sessions (id, day_id, type, code, title, speaker, chair, panelists, room, start_time, end_time, description, paper_count, papers, sort) values ('seed-106', 'day-1', 'keynote', 'K1', 'Unlocking Business Potential Through University Living Labs', 'Prof. Utz Dornberger — Faculty of Economics & Management Science, Leipzig University', null, null, 'Hall B1.302', '09:00', '09:45', null, null, null, 106) on conflict (id) do nothing;
insert into public.sessions (id, day_id, type, code, title, speaker, chair, panelists, room, start_time, end_time, description, paper_count, papers, sort) values ('seed-107', 'day-1', 'keynote', 'K2', 'The FutureScape of Smart City: Unlocking the Prospects and Trends for Developing Cities', 'Assoc. Prof. Tu Anh Trinh — Director, Institute of Smart City and Management, CTD-UEH', null, null, 'Hall B1.302', '09:45', '10:30', null, null, null, 107) on conflict (id) do nothing;
insert into public.sessions (id, day_id, type, code, title, speaker, chair, panelists, room, start_time, end_time, description, paper_count, papers, sort) values ('seed-108', 'day-1', 'keynote', 'K3', 'AI-Powered Marine Robots for Smart Coastal Cities: From Underwater Sensing to Global Resilience', 'Prof. Bor-Jiunn Wen — Department Chair, Department of Mechanical and Mechatronic Engineering, National Taiwan Ocean University', null, null, 'Hall B1.302', '10:30', '11:15', null, null, null, 108) on conflict (id) do nothing;
insert into public.sessions (id, day_id, type, code, title, speaker, chair, panelists, room, start_time, end_time, description, paper_count, papers, sort) values ('seed-109', 'day-1', 'break', null, 'Lunch', null, null, null, 'Hall B1.12A', '11:15', '12:15', null, null, null, 109) on conflict (id) do nothing;
insert into public.sessions (id, day_id, type, code, title, speaker, chair, panelists, room, start_time, end_time, description, paper_count, papers, sort) values ('seed-110', 'day-1', 'special', null, 'FutureScape Netzero Transition: Interdisciplinary Development', null, 'Dr. Vo Dao Chi — Institute of Smart City and Management, CTD-UEH', 'Prof. Dr. Frank Fichert; Prof. Dr. Jeongseob Kim; Dr. Cung Trong Cuong; Assoc. Prof. Nguyen Hong Quan', 'Hall B1.302', '13:00', '14:30', null, null, null, 110) on conflict (id) do nothing;
insert into public.sessions (id, day_id, type, code, title, speaker, chair, panelists, room, start_time, end_time, description, paper_count, papers, sort) values ('seed-111', 'day-1', 'special', null, 'FutureScape Cities: Designing the Next Urban Generation', null, 'Assoc. Prof. Tu Anh Trinh — Director, Institute of Smart City and Management, CTD-UEH', 'Mr. Tran Anh Dung; Assoc. Prof. Ducksu Seo; Prof. Pawinee Iamtrakul; Mr. Clinton Moore', 'B1.205', '13:00', '14:30', null, null, null, 111) on conflict (id) do nothing;
insert into public.sessions (id, day_id, type, code, title, speaker, chair, panelists, room, start_time, end_time, description, paper_count, papers, sort) values ('seed-112', 'day-1', 'special', null, 'FutureScape Business: Intelligent Industry, Sustainable Mobility — Emerging Technologies Reshaping the Business Landscape', null, 'Dr. Nguyen Quoc Khanh — Institute of Innovation, CTD-UEH', 'Dr. Ho Quang Truong; Dr. Ho Diep', 'B1.204', '13:00', '14:00', null, null, null, 112) on conflict (id) do nothing;
insert into public.sessions (id, day_id, type, code, title, speaker, chair, panelists, room, start_time, end_time, description, paper_count, papers, sort) values ('seed-113', 'day-1', 'special', null, 'FutureScape Creative Technology: Art, Media and Immersive Experiences', null, 'Dr. Do Le Phuc Tam — Institute of Smart City and Management, CTD-UEH', 'Prof. LeeHwan Hwang; Dr. Filipa Martins', 'B1.203', '13:00', '14:30', null, null, null, 113) on conflict (id) do nothing;
insert into public.sessions (id, day_id, type, code, title, speaker, chair, panelists, room, start_time, end_time, description, paper_count, papers, sort) values ('seed-114', 'day-1', 'break', null, 'Short Break', null, null, null, null, '14:30', '14:45', null, null, null, 114) on conflict (id) do nothing;
insert into public.sessions (id, day_id, type, code, title, speaker, chair, panelists, room, start_time, end_time, description, paper_count, papers, sort) values ('seed-115', 'day-1', 'special', null, 'FutureScape Glocal Design: Research by Design for Vietnam Context', null, 'Prof. Elena Marchigiani — Department of Engineering and Architecture, University of Trieste', 'Dr. Harvey Neo; Dr. Adrian Lo; Mr. Steven Petit; Mr. Jaillais Neliaz Martin Francois', 'Hall B1.302', '14:45', '16:30', null, null, null, 115) on conflict (id) do nothing;
insert into public.sessions (id, day_id, type, code, title, speaker, chair, panelists, room, start_time, end_time, description, paper_count, papers, sort) values ('seed-116', 'day-1', 'special', null, 'FutureScape Co-Creation: Living Labs and Collaborative Innovation', null, 'Dr. Pham Nguyen Hoai — Institute of Smart City and Management, CTD-UEH', 'Prof. Dr. Utz Dornberger; Dr. Nguyen Anh Tuan; Prof. Dr. Erik Wende', 'B1.204', '14:45', '16:00', null, null, null, 116) on conflict (id) do nothing;
insert into public.sessions (id, day_id, type, code, title, speaker, chair, panelists, room, start_time, end_time, description, paper_count, papers, sort) values ('seed-117', 'day-1', 'special', null, 'FutureScape Frontier Intelligence: AI, Robotics and Digital Twins', null, 'Prof. Truong Thinh Nguyen — Vice-Rector, CTD-UEH', 'Dr. Thien Bao Nguyen; Prof. Bor-Jiunn Wen; Prof. Fan-Bean Wu; Prof. Kim Yong-Guk', 'B1.205', '14:45', '16:30', null, null, null, 117) on conflict (id) do nothing;
insert into public.sessions (id, day_id, type, code, title, speaker, chair, panelists, room, start_time, end_time, description, paper_count, papers, sort) values ('seed-118', 'day-1', 'parallel', 'A1', 'Business Innovation and Sustainability', null, 'Assoc. Prof. Le Thi Phuong Vy', null, 'B1.407 (40)', '13:00', '14:00', null, 3, '[{"code":"ID 7","time":"13:00–13:15","title":"How Does Corporate Digital Transformation Disclosure Affect Financial Reporting Quality and Investment Efficiency?","authors":"Phan Thi Bich Nguyet, Pham Hoang Thong"},{"code":"ID 58","time":"13:15–13:30","title":"Rule of Law as a Catalyst: Fintech Funding and Carbon Emissions Across Advanced Economies and EMDEs","authors":"Khoi Anh Nguyen, Man Gia Huynh, Nhi Hoang Nguyen, Phu Duc Nguyen, Anh Ngoc Quang Huynh"},{"code":"ID 137","time":"13:30–13:45","title":"The Impact of Enterprise Resource Planning Systems on Resilience in Vietnamese Logistics Enterprises: Emerging Themes from a Systematic Review","authors":"Pham Xuan Quang, Vo Van Nhi"}]'::jsonb, 118) on conflict (id) do nothing;
insert into public.sessions (id, day_id, type, code, title, speaker, chair, panelists, room, start_time, end_time, description, paper_count, papers, sort) values ('seed-119', 'day-1', 'parallel', 'A2', 'Co-creation, Innovation Ecosystems and Entrepreneurship', null, 'Dr. Nguyen Thanh Huy', null, 'B1.408 (40)', '13:00', '14:00', null, 4, '[{"code":"ID 56","time":"13:00–13:15","title":"A Hybrid Customer Segmentation and Repurchase Prediction Framework Using RFMT Features and Machine Learning","authors":"Phuong-Vi Tran Nguyen, Ngoc-Giao Nguyen, Hong-Ngoc Nguyen Thi"},{"code":"ID 171","time":"13:15–13:30","title":"Digital Leadership and Competitive Advantage in the AI Era: A Conceptual Framework","authors":"Nghia Trong Ha, Erik Wende"},{"code":"ID 176","time":"13:30–13:45","title":"How Firm Innovativeness Signals Drive Customer Value Co-creation: A Stimulus-Organism-Response Perspective with the Moderating Role of Customer Innovativeness","authors":"Nguyen Thanh Tam, Vu Thi Minh Giang"},{"code":"ID 126","time":"13:45–14:00","title":"A 5-Dimensional AI Readiness Blueprint for Organizational Resilience in Vietnamese SMEs","authors":"Thi Thao Phuong Nguyen, Alireza Ansari Vaghef, Utz Dornberger"}]'::jsonb, 119) on conflict (id) do nothing;
insert into public.sessions (id, day_id, type, code, title, speaker, chair, panelists, room, start_time, end_time, description, paper_count, papers, sort) values ('seed-120', 'day-1', 'parallel', 'A3', 'Art, Media, and Technology', null, 'Assoc. Prof. Trinh Thuy Anh', null, 'B1.409 (50)', '13:00', '14:00', null, 4, '[{"code":"ID 125","time":"13:00–13:15","title":"Experiencing AI Art: How Originality Shapes Spatial Presence and Audience Advocacy","authors":"Trinh Thuy Anh, Duong Thi Thuy Trang, Nguyen Thi Thanh Huyen, Phan Nhat Trung, Vladimir Jolidon, Doan Thi Thao Ngan"},{"code":"ID 129","time":"13:15–13:30","title":"Optimizing Aspect-Based Sentiment Analysis for UEH Branding Monitoring on Social Media","authors":"Truong Hoang Dung, Le Thanh Hao, Nguyen Manh Tuan"},{"code":"ID 186","time":"13:30–13:45","title":"The Effects of Over-Personalization and Perceived Surveillance on Algorithm Fatigue: An Empirical Investigation Among TikTok Shop Users in Vietnam","authors":"Le Thi Thao Nguyen, Nguyen Thi Thanh Hien"},{"code":"ID 95","time":"13:45–14:00","title":"Encouraging Youth''s Low-Carbon Behaviors Through Digital Gamification: A Case Study of the MoMo Platform","authors":"Phan Nhat Trung, Tien Dat Huynh, Trung Nhan Dao, Vo Thi Hong Anh, Tran Thi Truc Quynh, Phan Thi Kim Hue"}]'::jsonb, 120) on conflict (id) do nothing;
insert into public.sessions (id, day_id, type, code, title, speaker, chair, panelists, room, start_time, end_time, description, paper_count, papers, sort) values ('seed-121', 'day-1', 'parallel', 'A4', 'Data Analytics', null, 'Prof. Nguyen Truong Thinh', null, 'B1.507 (40)', '13:00', '14:00', null, 4, '[{"code":"ID 128","time":"13:00–13:15","title":"Integrating Topic Modeling and the Kano Model for Aspect-Based Sentiment Analysis of Vietnamese Vegan Cosmetic Reviews","authors":"Tuan-Kiet Van"},{"code":"ID 94","time":"13:15–13:30","title":"Future Scape for Resilient Vietnamese Social Media: A Deep-Learning-Based Decision Support System for Pre-Publication Content Performance Prediction and Optimization","authors":"Hoang Nhat Hoa Vo, Xuan Huy Bui"},{"code":"ID 100","time":"13:30–13:45","title":"ESIM: A Discrete-Event Simulation Framework for Emergency Department Optimisation","authors":"Cao Nguyen"},{"code":"ID 228","time":"13:45–14:00","title":"Analyzing Ho Chi Minh City Hotel Reviews Using Zero-Shot Aspect-Based Sentiment Analysis","authors":"Van Toan Nguyen, Thanh Hieu Bui"}]'::jsonb, 121) on conflict (id) do nothing;
insert into public.sessions (id, day_id, type, code, title, speaker, chair, panelists, room, start_time, end_time, description, paper_count, papers, sort) values ('seed-122', 'day-1', 'parallel', 'B1', 'Blockchain and Fintech', null, 'Assoc. Prof. Ngo Minh Vu', null, 'B1.307 (15)', '14:15', '15:15', null, 3, '[{"code":"ID 203","time":"14:15–14:30","title":"Blockchain-Based Smart Contract Architecture for Food Waste Circular Management and Supply Chain Transparency","authors":"Quang Nhat Vo Nguyen, Phuoc Sang Do, Quoc Viet Ha"},{"code":"ID 33","time":"14:30–14:45","title":"The Evolution of Tokenized Real-World Assets","authors":"Khanh Quoc Nguyen, Talis Putnins"},{"code":"ID 184","time":"14:45–15:00","title":"Open Banking and the Fintech-Bank Nexus: Evidence from PSD2","authors":"Man Gia Huynh, Phu Duc Nguyen, Anh Ngoc Quang Huynh"}]'::jsonb, 122) on conflict (id) do nothing;
insert into public.sessions (id, day_id, type, code, title, speaker, chair, panelists, room, start_time, end_time, description, paper_count, papers, sort) values ('seed-123', 'day-1', 'parallel', 'B2', 'Co-creation and Innovation Ecosystems', null, 'Assoc. Prof. Do Thi Hai Ninh', null, 'B1.308 (15)', '14:15', '15:15', null, 4, '[{"code":"ID 93","time":"14:15–14:30","title":"The Impact of Green Consumer Knowledge on Green Purchasing Behaviour Among Gen Z Consumers: The Mediating Roles of Consumer Social Responsibility and Environmental Concern","authors":"Nguyen Khanh Linh Le, Nguyen Ngoc Linh Huynh, Nguyen Phuong Minh Le, Ngoc Khanh Linh Nguyen"},{"code":"ID 34","time":"14:30–14:45","title":"Structural Rule Integrity and Translation-Based Governance: Designing Resilience in Digitally Fragmented SMEs","authors":"Nguyen My Linh, Nguyen Truong Thinh"},{"code":"ID 165","time":"14:45–15:00","title":"\"Sometimes ChatGPT Understands Me Better\": A Qualitative Exploration of Vietnamese Adolescents'' Emotional Support Experiences with ChatGPT","authors":"Tuong Quyen Vu, My Phuc Bui, Du Cat Han Nguyen"},{"code":"ID 17","time":"15:00–15:15","title":"Managing Community Service Activities Based on the TQM Approach to Enhance Adaptive Capacity: From Educational Management Theory to Social Innovation Practices at Pham Van Dong University","authors":"Quan Vo Duy"}]'::jsonb, 123) on conflict (id) do nothing;
insert into public.sessions (id, day_id, type, code, title, speaker, chair, panelists, room, start_time, end_time, description, paper_count, papers, sort) values ('seed-124', 'day-1', 'parallel', 'B3', 'Smart and Sustainable City — Nature Systems', null, 'Mr. Han-Yi Hsiao', null, 'B1.403 (80)', '14:15', '15:15', null, 4, '[{"code":"ID 164","time":"14:15–14:30","title":"AR-Enabled Living Lab for Digital Heritage in Central Ho Chi Minh City, Vietnam","authors":"Hao Vo Giai, Khoa Vu Duy, Quynh Nhat Thi Nguyen, Tam Le Phuc Do"},{"code":"ID 40","time":"14:30–14:45","title":"Data-Driven Urban Governance and Climate Adaptation in Delta Cities: Rethinking \"The Politics of Data\" Through the Case of Can Tho City","authors":"Mai Trong An Vinh, Le Duy Bay"},{"code":"ID 122","time":"14:45–15:00","title":"Design and Performance Analysis of Antenna Substrates to Mechanical Impact for Underwater Applications","authors":"Han-Yi Hsiao, Bor-Jiunn Wen"},{"code":"ID 152","time":"15:00–15:15","title":"From Liveable to Loveable: Brand Love Theory for Resilient Urban Design","authors":"The Hien Dang, Dao Chi Vo, Tu Anh Trinh"}]'::jsonb, 124) on conflict (id) do nothing;
insert into public.sessions (id, day_id, type, code, title, speaker, chair, panelists, room, start_time, end_time, description, paper_count, papers, sort) values ('seed-125', 'day-1', 'parallel', 'B4', 'Data Analytics', null, 'Dr. Nguyen Ba Son', null, 'B1.309 (15)', '14:15', '15:15', null, 3, '[{"code":"ID 227","time":"14:15–14:30","title":"A Hybrid ALS-LightGBM Framework for Personalized Retail Coupon Recommendation","authors":"Thanh Nga Vu, Thanh Hieu Bui"},{"code":"ID 221","time":"14:30–14:45","title":"A Comparative Study of XGBoost and LSTM Neural Networks for Early Academic Risk Prediction Using Weekly Behavioral Data","authors":"Quoc Hung Nguyen, Thi Van Duyen Phan, Hoang Minh Nguyen, Duc Phat Mai"},{"code":"ID 90","time":"14:45–15:00","title":"SHAP-Based Explainability for Deep Learning Models in Credit Risk Classification","authors":"Kiet Tran The, Khoa Nguyen Nhat, Anh Nguyen Thuy Minh, Duc Tran Nguyen Minh, Xuan Bui Vu Truc, Hien Phan"}]'::jsonb, 125) on conflict (id) do nothing;
insert into public.sessions (id, day_id, type, code, title, speaker, chair, panelists, room, start_time, end_time, description, paper_count, papers, sort) values ('seed-126', 'day-1', 'parallel', 'C1', 'Climate Risk and Business Sustainability', null, 'Dr. Nguyen Le Ngan Trang', null, 'B1.407 (40)', '15:30', '16:30', null, 3, '[{"code":"ID 200","time":"15:30–15:45","title":"Air Pollution and the Internal Cash Flow Allocation: Evidence from Listed Companies in Viet Nam","authors":"Tran Dinh Hoang, To Cong Nguyen Bao, Luong Bao Thanh Khoa, Nguyen Minh Tri"},{"code":"ID 16","time":"15:45–16:00","title":"Application of IoT and Promoting Sustainable Standards in High-Tech Agriculture: A Case Study at Tan Tien General Comprehensive Agricultural Service Cooperative, Vietnam","authors":"Nhat Tan Pham"},{"code":"ID 222","time":"16:00–16:15","title":"Climate Change Risk and Corporate Dividend Policy — Empirical Evidence from the US","authors":"Nguyen Thi Hong Nham, Nguyen Hong Nhung"}]'::jsonb, 126) on conflict (id) do nothing;
insert into public.sessions (id, day_id, type, code, title, speaker, chair, panelists, room, start_time, end_time, description, paper_count, papers, sort) values ('seed-127', 'day-1', 'parallel', 'C2', 'Innovation Ecosystems and Entrepreneurship', null, 'Dr. Christopher Han', null, 'B1.408 (40)', '15:30', '16:30', null, 3, '[{"code":"ID 150","time":"15:30–15:45","title":"From Forecast Skill to Resilient Futures: An Integrative Framework for AI-Enabled Climate Prediction, Disaster Resilience, and Nature Modeling","authors":"Lam Bao Anh"},{"code":"ID 43","time":"15:45–16:00","title":"Is Buy Now Pay Later via E-Wallet Becoming the Next Payment Trend? Exploring Factors Affecting Customer Intention in Ho Chi Minh City","authors":"Hoang Cuu Long, Pham Vo Hong Dung, Dang Thi Tuyet Ngan, Nguyen Viet Anh, Bui Ngoc Boi, Nguyen Manh Gia Bao, Ha Quang Bien"},{"code":"ID 153","time":"16:00–16:15","title":"Factors Associated with Total Factor Productivity (TFP) of Agri-Startup Enterprises in the Central Highlands","authors":"Ho Kim Huong"}]'::jsonb, 127) on conflict (id) do nothing;
insert into public.sessions (id, day_id, type, code, title, speaker, chair, panelists, room, start_time, end_time, description, paper_count, papers, sort) values ('seed-128', 'day-1', 'parallel', 'C3', 'Art, Media, and Technology in Sustainable Futures', null, 'Assoc. Prof. Trinh Thuy Anh', null, 'B1.409 (50)', '15:30', '16:30', null, 4, '[{"code":"ID 105","time":"15:30–15:45","title":"The Influence of the Coffee Package Integrated with AR on Brand Coolness","authors":"Nguyen Le Son Trang, Pham Cong Thai, Pham Thi Thao Quyen, Nguyen Minh Tri"},{"code":"ID 104","time":"15:45–16:00","title":"A Study on the Current State of the Metaverse Industry in Vietnam","authors":"Kang Hyo-Jin, Yi Dong-Su, Nguyen Le Son Trang"},{"code":"ID 109","time":"16:00–16:15","title":"Art Tech and Sustainability in Vietnam: Navigating the Future Through Technical Images, Imagination, and Environmental Responsibility","authors":"Yi Dong-Su, Phan Nhat Trung, Tran Nguyen Anh Dao"},{"code":"ID 140","time":"16:15–16:30","title":"How Design Students Think with AI: Cognitive Levels Shaped by Input, Approach, and Task Design","authors":"Duong Gia Bao, Nguyen Thi Minh Hue"}]'::jsonb, 128) on conflict (id) do nothing;
insert into public.sessions (id, day_id, type, code, title, speaker, chair, panelists, room, start_time, end_time, description, paper_count, papers, sort) values ('seed-129', 'day-1', 'parallel', 'C4', 'Data, Robotics, and Intelligence', null, 'Dr. Tri Dung Dang', null, 'B1.507 (40)', '15:30', '16:30', null, 3, '[{"code":"ID 84","time":"15:30–15:45","title":"Recipient-Guided Visual Localization for Medical UAV Delivery Under GNSS Bias","authors":"Trinh Duc Cuong, Nguyen Khac Toan"},{"code":"ID 147","time":"15:45–16:00","title":"Thread Recognition of Die-Cast Metal Connectors for Electric Vehicles Using an AI Algorithm","authors":"Nan-Hsing Chen, Bor-Jiunn Wen"},{"code":"ID 38","time":"16:00–16:15","title":"A Robotic Framework for Investigating Motion and Storage Processes in Grid Warehousing Systems","authors":"Duy Hoang Phuc Bui, Tri Dung Dang, Tri Cuong Do"}]'::jsonb, 129) on conflict (id) do nothing;
insert into public.sessions (id, day_id, type, code, title, speaker, chair, panelists, room, start_time, end_time, description, paper_count, papers, sort) values ('seed-130', 'day-1', 'showcase', null, 'Living Symbiosis: Guided Tour — Session 1', null, null, null, 'B2.110', '16:30', '16:50', 'Guided exhibition tour. Registration is first-come, first-served (limited to 20 participants per session).', null, null, 130) on conflict (id) do nothing;
insert into public.sessions (id, day_id, type, code, title, speaker, chair, panelists, room, start_time, end_time, description, paper_count, papers, sort) values ('seed-131', 'day-1', 'showcase', null, 'Living Symbiosis: Guided Tour — Session 2', null, null, null, 'B2.110', '17:00', '17:20', 'Guided exhibition tour. Registration is first-come, first-served (limited to 20 participants per session).', null, null, 131) on conflict (id) do nothing;
insert into public.sessions (id, day_id, type, code, title, speaker, chair, panelists, room, start_time, end_time, description, paper_count, papers, sort) values ('seed-132', 'day-1', 'showcase', null, 'Living Symbiosis: Guided Tour — Session 3', null, null, null, 'B2.110', '17:30', '17:50', 'Guided exhibition tour. Registration is first-come, first-served (limited to 20 participants per session).', null, null, 132) on conflict (id) do nothing;
insert into public.sessions (id, day_id, type, code, title, speaker, chair, panelists, room, start_time, end_time, description, paper_count, papers, sort) values ('seed-133', 'day-1', 'break', null, 'Welcome Dinner', null, null, null, 'Hall B1.12A', '18:00', '21:00', null, null, null, 133) on conflict (id) do nothing;
insert into public.sessions (id, day_id, type, code, title, speaker, chair, panelists, room, start_time, end_time, description, paper_count, papers, sort) values ('seed-201', 'day-2', 'break', null, 'Registration & Guest Welcoming', null, null, null, 'Lobby B1', '07:30', '08:00', null, null, null, 201) on conflict (id) do nothing;
insert into public.sessions (id, day_id, type, code, title, speaker, chair, panelists, room, start_time, end_time, description, paper_count, papers, sort) values ('seed-202', 'day-2', 'keynote', 'K4', 'Art, Media, and Technology in Sustainable Future', 'Prof. Haipeng Mi — Department of Information Art and Design, Tsinghua University', null, null, 'Hall B1.302', '08:00', '08:45', null, null, null, 202) on conflict (id) do nothing;
insert into public.sessions (id, day_id, type, code, title, speaker, chair, panelists, room, start_time, end_time, description, paper_count, papers, sort) values ('seed-203', 'day-2', 'keynote', 'K5', 'Culture as a Catalyst for Sustainable Development: Indonesia''s Experience in Advancing Creativity, Innovation, and Digital Transformation', 'Ms. Carolina Tinangon — Consul General, Consulate General of the Republic of Indonesia', null, null, 'Hall B1.302', '08:45', '09:30', null, null, null, 203) on conflict (id) do nothing;
insert into public.sessions (id, day_id, type, code, title, speaker, chair, panelists, room, start_time, end_time, description, paper_count, papers, sort) values ('seed-204', 'day-2', 'break', null, 'Short Break', null, null, null, null, '09:30', '09:45', null, null, null, 204) on conflict (id) do nothing;
insert into public.sessions (id, day_id, type, code, title, speaker, chair, panelists, room, start_time, end_time, description, paper_count, papers, sort) values ('seed-205', 'day-2', 'special', null, 'Creative Industries and Culture-Led Innovation: Empowering the Next Generation', null, 'Prof. Thuy Anh Trinh — Rector, CTD-UEH', 'Dr. Nurul Hanim Romainoor; Mr. Phillip Friesen; Mr. Le Gia Phong; Ms. Nguyen Tran Cam Linh', 'Hall B1.302', '09:45', '11:15', null, null, null, 205) on conflict (id) do nothing;
insert into public.sessions (id, day_id, type, code, title, speaker, chair, panelists, room, start_time, end_time, description, paper_count, papers, sort) values ('seed-206', 'day-2', 'special', null, 'FutureScape Mobility: Sustainable Transportation and the Role of DRT in Smart Mobility Ecosystems', null, 'Dr. Quang Tran Vuong — Institute of Smart City and Management, CTD-UEH', 'Dr. Junggon Sung; Dr. Youngjin Yuk; Mr. Hoyoon Lee; Dr. Pham Nguyen Hoai; Ms. Emma Thao Nguyen; Ms. Bui Thu Hien', 'B1.204', '09:45', '11:15', null, null, null, 206) on conflict (id) do nothing;
insert into public.sessions (id, day_id, type, code, title, speaker, chair, panelists, room, start_time, end_time, description, paper_count, papers, sort) values ('seed-207', 'day-2', 'special', null, 'FutureScape Smart Township: A New Urban Development for a Sustainable Community', null, 'Dr. Tran Khac Minh — Institute of Smart City and Management, CTD-UEH', 'Mr. Hyo-jun Kim; Mr. Cho Kwanphil; Dr. Christopher Han', 'B1.203', '09:45', '11:00', null, null, null, 207) on conflict (id) do nothing;
insert into public.sessions (id, day_id, type, code, title, speaker, chair, panelists, room, start_time, end_time, description, paper_count, papers, sort) values ('seed-208', 'day-2', 'special', null, 'FutureScape Artificial Intelligence: AI & Intelligent Systems in Business', null, 'Dr. Nguyen Van Du — School of Business Information Technology, CTD-UEH', 'Dr. Nguyen Giao Hoa; Dr. Vi Chi Thanh; Dr. Nguyen Sieu Dang; Dr. Nguyen Thanh Huy', 'B1.205', '09:45', '11:15', null, null, null, 208) on conflict (id) do nothing;
insert into public.sessions (id, day_id, type, code, title, speaker, chair, panelists, room, start_time, end_time, description, paper_count, papers, sort) values ('seed-209', 'day-2', 'parallel', 'D1', 'Business Innovation and Sustainability', null, 'Prof. Utz Dornberger', null, 'B1.407 (40)', '09:45', '10:45', null, 4, '[{"code":"ID 131","time":"09:45–10:00","title":"Early-Stage Software Patent Valuation Method: Extending the Income Approach Within IVS Compliance Constraints","authors":"Trinh Ngoc Luong Nguyen, Nguyen Ba Son"},{"code":"ID 8","time":"10:00–10:15","title":"Rethinking Product Innovation Implications for Supply Chain Risk","authors":"Tra Thi Thanh Tran, Khanh Hoang, Muhammad Umar"},{"code":"ID 207","time":"10:15–10:30","title":"The Impact of Green Logistics on Vietnam''s Textile and Garment Exports to EU Countries: The Moderating Role of Digital Trade Openness — A Gravity Model Approach","authors":"Luong Bao Thanh Khoa, Tran Xu Kin"},{"code":"ID 25","time":"10:30–10:45","title":"The Impact of AI Features on Customer Satisfaction in E-Commerce: An Integrated UTAUT Model Approach","authors":"Nguyen Hoang Phuc Nguyen, Diep Quoc Bao, Truong Nu To Giang"}]'::jsonb, 209) on conflict (id) do nothing;
insert into public.sessions (id, day_id, type, code, title, speaker, chair, panelists, room, start_time, end_time, description, paper_count, papers, sort) values ('seed-210', 'day-2', 'parallel', 'D2', 'Co-creation, Innovation Ecosystems and Entrepreneurship', null, 'Dr. Bui Thanh Hieu', null, 'B1.408 (40)', '09:45', '10:45', null, 4, '[{"code":"ID 112","time":"09:45–10:00","title":"Multi-Channel Budget Allocation Using Marketing Mix Modeling: A Case Study of a Private Education in Vietnam","authors":"Bich Ngan Tran, Thanh Hieu Bui"},{"code":"ID 117","time":"10:00–10:15","title":"Analyzing the Structure of the Amazon Co-Purchasing Complex Network: From Network Properties to Product Diffusion Strategies","authors":"Truong Hoang Dung, Le Ha An, Bui Cao Yen Diem, Tran Khanh Linh, Nguyen Thanh Huy"},{"code":"ID 206","time":"10:15–10:30","title":"How Existential Authenticity Shapes WOM Behavior: Evidence from Cultural Performance Experiences","authors":"Trinh Thuy Anh, Tran Cam Linh Nguyen, Trang Thi-Thuy Duong, Huyen Nguyen Thi Thanh, Truc Vu Thanh, Trung Phan Nhat"},{"code":"ID 175","time":"10:30–10:45","title":"Examining the Role of Gamification, Social Interaction, and Perceived Enjoyment in Shaping Online Shopping Behavior Among Vietnamese Customers","authors":"Thi Thuy Trang Duong, Ha Quynh Nhi Le, Anh Dao Tran Nguyen, Nguyen Tuan Lam, Lan Anh Dinh Ho, Thi Tuyet Nhung Dao, Thi Huong Tra Pham"}]'::jsonb, 210) on conflict (id) do nothing;
insert into public.sessions (id, day_id, type, code, title, speaker, chair, panelists, room, start_time, end_time, description, paper_count, papers, sort) values ('seed-211', 'day-2', 'parallel', 'D3', 'Media and Technology', null, 'Dr. Nhieu Nhat Luong', null, 'B1.409 (50)', '09:45', '10:45', null, 4, '[{"code":"ID 132","time":"09:45–10:00","title":"Exploring Hashtag Trends in TikTok English Book Video: A Case Study in Vietnam","authors":"Do Thi Phuong Uyen, Pham Thi Thu Trang, Nguyen Thi Nhu Y, Hoang Anh"},{"code":"ID 113","time":"10:00–10:15","title":"The Impact of Art-Tech Fusion on Behavioral Change","authors":"Trinh Thuy Anh, Tran Nguyen Cam Linh, Duong Thi Thuy Trang, Nguyen Thi Thanh Huyen, Vu Thanh Truc"},{"code":"ID 111","time":"10:15–10:30","title":"Can Art Tech Education and Awareness Transform Vietnam''s Sustainable Future?","authors":"Yi Dong-Su, Vu Thanh Truc, Tran Thi Thanh Huyen"},{"code":"ID 96","time":"10:30–10:45","title":"AI Technologies in Higher Education: Assessing Opportunities and Strategic Frameworks Within the Vietnamese Context","authors":"Phuong Nguyen-Truc Phan, Trang Nguyen Le Son, Thuy Pham Thi Thu"}]'::jsonb, 211) on conflict (id) do nothing;
insert into public.sessions (id, day_id, type, code, title, speaker, chair, panelists, room, start_time, end_time, description, paper_count, papers, sort) values ('seed-212', 'day-2', 'parallel', 'D4', 'Machine Vision and Interactive Designs', null, 'Dr. Tri Cuong Do', null, 'B1.507 (40)', '09:45', '10:45', null, 3, '[{"code":"ID 42","time":"09:45–10:00","title":"Enhancing Safety in Chemical Education Through Machine Vision and Virtual Reality Simulation","authors":"Thi Anh Thu Vo, Hue My Quach, Xuan Lanh Vo, Tri Dung Dang, Tri Cuong Do"},{"code":"ID 170","time":"10:00–10:15","title":"Interaction Design for Color Vision Deficiency in Intelligent Vehicle Center Consoles","authors":"Carlos Sena Caires, Chan Kai, Zhang Xu"},{"code":"ID 53","time":"10:15–10:30","title":"A Stereo-Photogrammetry System for Multi-Plane Facial Image Acquisition and Landmark Identification Using Convolutional Neural Networks","authors":"Nguyen Minh Trieu, Nguyen Truong Ngoc Lam, Dang Tri Dung, Nguyen Thien Bao, Nguyen Truong Thinh"}]'::jsonb, 212) on conflict (id) do nothing;
insert into public.sessions (id, day_id, type, code, title, speaker, chair, panelists, room, start_time, end_time, description, paper_count, papers, sort) values ('seed-213', 'day-2', 'break', null, 'Lunch', null, null, null, 'Hall B1.12A', '11:15', '12:15', null, null, null, 213) on conflict (id) do nothing;
insert into public.sessions (id, day_id, type, code, title, speaker, chair, panelists, room, start_time, end_time, description, paper_count, papers, sort) values ('seed-214', 'day-2', 'ceremony', null, 'CTD Glocal Summit', null, null, null, 'B1.205', '13:00', '14:10', '13:00 Opening Remarks (Assoc. Prof. Thuy Anh Trinh) · 13:05 CTD-UEH Strategy Development · 13:20 Breakout Group Focus Discussion · 14:00 Closing Remarks & Photo Session.', null, null, 214) on conflict (id) do nothing;
insert into public.sessions (id, day_id, type, code, title, speaker, chair, panelists, room, start_time, end_time, description, paper_count, papers, sort) values ('seed-215', 'day-2', 'parallel', 'E1', 'Business Innovation', null, 'Assoc. Prof. Nguyen Thi Hong Nham', null, 'B1.407 (40)', '13:00', '14:00', null, 4, '[{"code":"ID 110","time":"13:00–13:15","title":"Improving the Performance Forecasting ARMA-GARCH-GBM and LSTM-GBM by Bootstrapping","authors":"Nguyen Lam, Vu Nguyen"},{"code":"ID 167","time":"13:15–13:30","title":"An Integrated AI Framework for Return Prediction and Green Nudging in Sustainable E-Commerce Logistics","authors":"Huynh Ky Que, Trinh Le Duy"},{"code":"ID 159","time":"13:30–13:45","title":"A Selective Decision Framework for Aspect-Level Multimodal Restaurant Review Triage","authors":"Khang Hy Van, Thanh Hieu Bui"},{"code":"ID 63","time":"13:45–14:00","title":"The Linkage Between Cryptocurrencies and Natural Resources as Financial Investments","authors":"Bui Quang Hung, Phan Thi Bich Nguyet, Nguyen Thi Hong Nham, Le Van"}]'::jsonb, 215) on conflict (id) do nothing;
insert into public.sessions (id, day_id, type, code, title, speaker, chair, panelists, room, start_time, end_time, description, paper_count, papers, sort) values ('seed-216', 'day-2', 'parallel', 'E2', 'Multidisciplinary Research for Sustainability', null, 'Dr. Trinh Duc Cuong', null, 'B1.408 (40)', '13:00', '14:00', null, 4, '[{"code":"ID 195","time":"13:00–13:15","title":"An Empirical Study on Mental Health Literacy, Cognitive Barriers, and Help-Seeking Intentions Among Gen Z at the University of Economics Ho Chi Minh City, Vietnam","authors":"Nguyen Viet Quoc Hung, Phan Thien Kim, Le Hong Trang, Nguyen Hoai Pham"},{"code":"ID 145","time":"13:15–13:30","title":"A Product Placement Recommendation System for Co.op Mart Hypermarkets Based on Market Basket Analysis","authors":"Trung-Duy Nguyen"},{"code":"ID 124","time":"13:30–13:45","title":"Refining Tourism Accommodation Recommendation in Vietnam: An Integrated Framework Leveraging Aspect-Based Sentiment Knowledge Graphs and GraphRAG for Intelligent Retrieval","authors":"Khanh Thuy Van Hoang, Huy Thanh Nguyen"},{"code":"ID 199","time":"13:45–14:00","title":"Understanding WOM Behavior Through Heritage Storytelling: The Roles of Narrative Transportation and Cultural Involvement","authors":"Trinh Thuy Anh, Tran Cam Linh Nguyen, Trang Thi-Thuy Duong, Huyen Nguyen Thi Thanh, Truc Vu Thanh, Trung Phan Nhat"}]'::jsonb, 216) on conflict (id) do nothing;
insert into public.sessions (id, day_id, type, code, title, speaker, chair, panelists, room, start_time, end_time, description, paper_count, papers, sort) values ('seed-217', 'day-2', 'parallel', 'E3', 'Smart and Sustainable City I', null, 'Prof. Pawinee Imtrakul', null, 'B1.409 (50)', '13:00', '14:00', null, 4, '[{"code":"ID 178","time":"13:00–13:15","title":"World-Class Tourism Anchored in the Airport City Model: The Role of Long Thanh International Airport in Dong Nai","authors":"Do Le Phuc Tam, Thai Anh Vu, Trinh Tu Anh"},{"code":"ID 189","time":"13:15–13:30","title":"Resilient Infrastructure in Dense Cities: Integrated Design Approaches","authors":"Chi Bui"},{"code":"ID 168","time":"13:30–13:45","title":"Evaluation of Remote Sensing Data from MERRA-2 and CAMS Based on Ground-Based Observations for PM2.5 in Hanoi, Vietnam","authors":"Thuy-Huong Nguyen, Quang Tran Vuong, Van-Linh Le, Duy-An Dam, Huu-Tap Van, Thi-Pho Nguyen, Norimichi Takenaka, Phan Quang Thang"},{"code":"ID 163","time":"13:45–14:00","title":"Corporate Social Responsibility and Sustainable Water Governance for Megacity Resilience: A FutureScape Approach to Water Security in Ho Chi Minh City","authors":"Hoai-Tan Do-Ly, Thi-Thanh-Thuy Nguyen, Thanh-Hong-Lan Tran, Dao-Chi Vo"}]'::jsonb, 217) on conflict (id) do nothing;
insert into public.sessions (id, day_id, type, code, title, speaker, chair, panelists, room, start_time, end_time, description, paper_count, papers, sort) values ('seed-218', 'day-2', 'parallel', 'E4', 'Smart and Sustainable City II', null, 'Dr. Ducksu Seo', null, 'B1.204 (60)', '13:00', '14:00', null, 4, '[{"code":"ID 141","time":"13:00–13:15","title":"The Finance-Participation Decoupling in Smart Cities: A Scoping Review of Governance and Investment Models (2014–2024)","authors":"Thai Anh Vu, Trinh Tu Anh"},{"code":"ID 142","time":"13:15–13:30","title":"Integrating Circular City Model into Spatial Design: How to Approach for Can Gio, Vietnam","authors":"Tran Quang Bao, Phan Thi Khanh Vy, Phan Thi Thanh Vy, Pham Thi Phuong Uyen, Tran Thi Quynh Mai, Dang The Hien"},{"code":"ID 48","time":"13:30–13:45","title":"Redefining the Urban Fabric: A Systematic Literature Review on the Spatial Impacts of Infrastructure-Guided Autonomous Driving","authors":"Ducksu Seo, Yookyum Abraham Yang"},{"code":"ID 44","time":"13:45–14:00","title":"Assessing the Smart Tourism Ecosystem and Stakeholder Satisfaction in an Urban Destination Context: A Case Study in Da Nang, Vietnam","authors":"Khoa Vu Duy, Tu Anh Trinh"}]'::jsonb, 218) on conflict (id) do nothing;
insert into public.sessions (id, day_id, type, code, title, speaker, chair, panelists, room, start_time, end_time, description, paper_count, papers, sort) values ('seed-219', 'day-2', 'break', null, 'Transportation to Vinh Long', null, null, null, null, '14:30', '17:30', 'The conference continues at UEH Mekong Campus (July 17–18) and UEH Nexus Nha Trang (July 19–20).', null, null, 219) on conflict (id) do nothing;
insert into public.sessions (id, day_id, type, code, title, speaker, chair, panelists, room, start_time, end_time, description, paper_count, papers, sort) values ('seed-220', 'day-2', 'break', null, 'Dinner', null, null, null, null, '18:00', '20:00', null, null, null, 220) on conflict (id) do nothing;

insert into public.settings (key, value) values ('hero_tagline', 'The 3rd International Conference on Resilience by Technology and Design') on conflict (key) do nothing;
insert into public.settings (key, value) values ('announcement', '') on conflict (key) do nothing;
insert into public.settings (key, value) values ('support_note', 'Technical & logistical support: rtd@ueh.edu.vn · On-site (Jul 15–16): Rooms B1.305 & B1.306, UEH Campus B, 279 Nguyen Tri Phuong, Ho Chi Minh City — Ms. Mi Trang, WhatsApp +84 978 840 897') on conflict (key) do nothing;
insert into public.settings (key, value) values ('post_conference_note', 'The programme continues beyond Ho Chi Minh City: July 17–18 at UEH Mekong Campus (Vinh Long & Can Tho) and July 19–20 at UEH Nexus Nha Trang Campus (Khanh Hoa), with keynotes, Delta & Blue FutureScape sessions, technical tours and the Best Paper Award farewell dinner.') on conflict (key) do nothing;
